{"stats":{"minecraft:used":{"minecraft:moss_block":7,"minecraft:moss_carpet":1,"minecraft:stone_sword":101,"minecraft:iron_shovel":22,"minecraft:stone_shovel":266,"minecraft:chest":2,"minecraft:iron_sword":144,"minecraft:stone_hoe":574,"minecraft:torch":230,"minecraft:dirt":174,"minecraft:jungle_planks":29,"minecraft:tuff":4,"minecraft:axolotl_bucket":1,"minecraft:lava_bucket":1,"minecraft:iron_axe":418,"minecraft:furnace":1,"minecraft:cooked_beef":2,"minecraft:potato":233,"minecraft:cobbled_deepslate":23,"minecraft:light_gray_bed":2,"minecraft:wheat_seeds":347,"minecraft:water_bucket":9,"minecraft:stone_pickaxe":526,"minecraft:baked_potato":40,"minecraft:ender_pearl":3,"minecraft:wooden_pickaxe":26,"minecraft:crafting_table":4,"minecraft:bread":38,"minecraft:iron_pickaxe":2176,"minecraft:melon_slice":122,"minecraft:jungle_stairs":3,"minecraft:gravel":7,"minecraft:stone_axe":321,"minecraft:cobblestone":315,"minecraft:jungle_door":28,"minecraft:cooked_porkchop":9,"minecraft:bucket":12},"minecraft:dropped":{"minecraft:golden_boots":2,"minecraft:brown_mushroom":4,"minecraft:moss_block":139,"minecraft:wheat_seeds":257,"minecraft:baked_potato":35,"minecraft:oak_fence":4,"minecraft:poisonous_potato":2,"minecraft:golden_axe":1,"minecraft:cobblestone":943,"minecraft:glow_berries":5,"minecraft:granite":1,"minecraft:jungle_planks":1,"minecraft:red_mushroom":2,"minecraft:flint":1,"minecraft:dirt":2,"minecraft:torch":50,"minecraft:melon_slice":1,"minecraft:jungle_sapling":6,"minecraft:flowering_azalea":13,"minecraft:iron_axe":3,"minecraft:sand":6,"minecraft:mud":1,"minecraft:iron_pickaxe":1,"minecraft:string":5,"minecraft:bone":1,"minecraft:gravel":32,"minecraft:stone_axe":1,"minecraft:moss_carpet":118,"minecraft:blackstone":24,"minecraft:cobbled_deepslate":71,"minecraft:cocoa_beans":15,"minecraft:tuff":11,"minecraft:wheat":3,"minecraft:stone_shovel":1,"minecraft:rotten_flesh":24,"minecraft:light_gray_wool":20,"minecraft:clay_ball":203,"minecraft:big_dripleaf":1,"minecraft:potato":1,"minecraft:shield":1,"minecraft:azalea":33,"minecraft:oak_sapling":3,"minecraft:redstone_torch":1,"minecraft:spider_eye":2,"minecraft:bamboo":158,"minecraft:bow":1,"minecraft:stone_pickaxe":1,"minecraft:basalt":2,"minecraft:wooden_pickaxe":1,"minecraft:arrow":24},"minecraft:picked_up":{"minecraft:mud":1,"minecraft:cocoa_beans":30,"minecraft:crafting_table":2,"minecraft:wheat":205,"minecraft:chicken":4,"minecraft:clay_ball":391,"minecraft:brown_mushroom":4,"minecraft:shield":2,"minecraft:brick":12,"minecraft:string":322,"minecraft:moss_carpet":168,"minecraft:raw_copper":103,"minecraft:iron_axe":11,"minecraft:blackstone":183,"minecraft:cobbled_deepslate":125,"bosses_of_mass_destruction:soul_star":4,"minecraft:bucket":1,"minecraft:beef":4,"minecraft:redstone_torch":1,"minecraft:jungle_sapling":8,"minecraft:azalea":22,"minecraft:iron_pickaxe":9,"minecraft:light_gray_wool":40,"minecraft:melon_slice":154,"minecraft:egg":2,"minecraft:stick":193,"minecraft:raw_iron":308,"minecraft:jungle_door":27,"minecraft:big_dripleaf":1,"minecraft:oak_fence":4,"minecraft:torch":165,"minecraft:acacia_log":2,"minecraft:porkchop":20,"minecraft:golden_axe":1,"minecraft:stone_sword":2,"minecraft:arrow":61,"minecraft:light_gray_bed":3,"minecraft:rotten_flesh":65,"minecraft:stone_shovel":7,"minecraft:jungle_stairs":7,"minecraft:glow_berries":6,"minecraft:cobblestone":3479,"minecraft:magma_block":6,"minecraft:feather":3,"minecraft:basalt":2,"minecraft:glow_ink_sac":6,"minecraft:water_bucket":7,"minecraft:jungle_log":148,"minecraft:leather":4,"minecraft:jungle_wood":4,"minecraft:red_mushroom":2,"minecraft:potato":476,"minecraft:flint":18,"minecraft:tuff":15,"minecraft:oak_log":7,"minecraft:danger_pottery_sherd":4,"minecraft:golden_boots":3,"minecraft:gunpowder":1,"minecraft:lapis_lazuli":138,"minecraft:wooden_hoe":1,"minecraft:dirt":720,"minecraft:bone":28,"minecraft:apple":6,"minecraft:bow":1,"minecraft:wheat_seeds":929,"minecraft:raw_gold":22,"minecraft:spore_blossom":1,"minecraft:stone_pickaxe":3,"minecraft:iron_ingot":8,"minecraft:bamboo":158,"minecraft:moss_block":191,"minecraft:stone_hoe":6,"minecraft:flowering_azalea":20,"minecraft:cooked_porkchop":5,"minecraft:poisonous_potato":2,"minecraft:gravel":79,"minecraft:sand":6,"minecraft:jungle_planks":94,"minecraft:spider_eye":10,"minecraft:diamond":28,"minecraft:stone_axe":4,"minecraft:granite":1,"minecraft:crossbow":3,"minecraft:bread":123,"minecraft:baked_potato":295,"minecraft:oak_sapling":14,"minecraft:coal":194,"minecraft:ender_pearl":4},"minecraft:killed":{"minecraft:cave_spider":13,"minecraft:spider":6,"minecraft:skeleton":19,"minecraft:chicken":2,"minecraft:pig":4,"minecraft:zombie_villager":1,"minecraft:pillager":1,"minecraft:zombie":50,"minecraft:cow":1},"minecraft:broken":{"minecraft:stone_sword":1,"minecraft:stone_hoe":1,"minecraft:stone_pickaxe":4,"minecraft:iron_axe":1,"minecraft:stone_axe":1,"minecraft:iron_sword":1,"minecraft:iron_pickaxe":8,"minecraft:stone_shovel":1},"minecraft:crafted":{"minecraft:oak_planks":28,"minecraft:stone_shovel":2,"minecraft:cooked_chicken":2,"minecraft:furnace":1,"minecraft:iron_boots":1,"minecraft:iron_axe":4,"minecraft:stone_pickaxe":5,"minecraft:chest":2,"minecraft:stone_hoe":2,"minecraft:cooked_beef":2,"minecraft:cooked_porkchop":10,"minecraft:crafting_table":2,"minecraft:iron_helmet":1,"minecraft:wooden_pickaxe":1,"minecraft:baked_potato":155,"minecraft:iron_sword":1,"minecraft:bucket":1,"minecraft:stone_axe":1,"minecraft:bread":65,"minecraft:air":0,"minecraft:jungle_planks":206,"minecraft:light_gray_bed":1,"minecraft:jungle_door":3,"minecraft:iron_chestplate":1,"minecraft:shield":1,"minecraft:stick":126,"minecraft:iron_ingot":231,"minecraft:iron_pickaxe":11,"minecraft:stone_sword":1,"minecraft:iron_shovel":1,"minecraft:iron_leggings":1,"minecraft:gold_ingot":18,"minecraft:acacia_planks":8,"minecraft:torch":136},"minecraft:custom":{"minecraft:interact_with_smithing_table":1,"minecraft:mob_kills":101,"minecraft:interact_with_crafting_table":50,"minecraft:leave_game":10,"minecraft:time_since_death":102359,"minecraft:climb_one_cm":24086,"minecraft:sprint_one_cm":1254568,"minecraft:walk_one_cm":1832414,"minecraft:drop":128,"minecraft:talked_to_villager":1,"minecraft:sneak_time":2960,"minecraft:play_time":468272,"minecraft:deaths":9,"minecraft:walk_under_water_one_cm":109683,"minecraft:jump":4870,"minecraft:walk_on_water_one_cm":103885,"minecraft:total_world_time":468272,"minecraft:interact_with_furnace":73,"minecraft:sleep_in_bed":5,"minecraft:time_since_rest":16271,"minecraft:damage_taken":8298,"minecraft:damage_dealt":18209,"minecraft:swim_one_cm":221441,"minecraft:fly_one_cm":895341,"minecraft:open_chest":108,"minecraft:crouch_one_cm":5368,"minecraft:interact_with_smoker":1,"minecraft:fall_one_cm":77965},"minecraft:killed_by":{"minecraft:enderman":6,"minecraft:skeleton":2,"minecraft:zombie":1},"minecraft:mined":{"minecraft:diamond_ore":5,"minecraft:tuff":18,"minecraft:farmland":1,"minecraft:deepslate_diamond_ore":23,"minecraft:jungle_leaves":14,"minecraft:granite":1,"minecraft:cave_vines_plant":9,"minecraft:glow_lichen":2,"minecraft:acacia_log":2,"minecraft:grass_block":118,"minecraft:decorated_pot":1,"minecraft:jungle_planks":2,"minecraft:jungle_log":31,"minecraft:light_gray_bed":1,"minecraft:moss_block":78,"minecraft:spore_blossom":1,"minecraft:magma_block":7,"minecraft:fire":5,"minecraft:iron_ore":267,"minecraft:cobbled_deepslate":7,"minecraft:moss_carpet":3,"minecraft:deepslate_lapis_ore":9,"minecraft:deepslate_iron_ore":30,"minecraft:vine":40,"minecraft:dirt_path":1,"minecraft:potatoes":148,"minecraft:cave_vines":7,"minecraft:bamboo":15,"minecraft:azalea":12,"minecraft:stone":1921,"minecraft:acacia_leaves":7,"minecraft:flowering_azalea":2,"minecraft:jungle_door":26,"minecraft:blackstone":29,"minecraft:basalt":1,"minecraft:oak_fence":4,"minecraft:clay":29,"minecraft:crafting_table":2,"minecraft:torch":23,"minecraft:jungle_stairs":1,"minecraft:melon":28,"minecraft:tall_grass":72,"minecraft:copper_ore":12,"minecraft:cobblestone":9,"minecraft:lapis_ore":12,"minecraft:deepslate_gold_ore":16,"minecraft:wall_torch":45,"minecraft:jungle_wood":4,"minecraft:mud":1,"minecraft:redstone_torch":1,"minecraft:wheat":258,"minecraft:light_gray_wool":10,"minecraft:grass":550,"minecraft:oak_log":7,"minecraft:coal_ore":174,"minecraft:gravel":52,"minecraft:sand":6,"minecraft:dirt":153,"minecraft:cobweb":147,"minecraft:small_dripleaf":1,"minecraft:gold_ore":3,"minecraft:oak_leaves":24,"minecraft:deepslate":82,"minecraft:fern":143}},"DataVersion":3465}