{"stats":{"minecraft:killed_by":{"minecraft:enderman":1,"minecraft:skeleton":2},"minecraft:killed":{"minecraft:spider":6,"minecraft:skeleton":9,"minecraft:chicken":2,"minecraft:pig":4,"minecraft:zombie_villager":1,"minecraft:pillager":1,"minecraft:zombie":29,"minecraft:cow":1},"minecraft:mined":{"minecraft:farmland":1,"minecraft:deepslate_diamond_ore":12,"minecraft:jungle_leaves":14,"minecraft:cave_vines_plant":4,"minecraft:glow_lichen":1,"minecraft:acacia_log":2,"minecraft:grass_block":117,"minecraft:decorated_pot":1,"minecraft:jungle_planks":2,"minecraft:jungle_log":31,"minecraft:light_gray_bed":1,"minecraft:moss_block":46,"minecraft:cobbled_deepslate":5,"minecraft:iron_ore":133,"minecraft:fire":1,"minecraft:moss_carpet":3,"minecraft:dirt_path":1,"minecraft:potatoes":26,"minecraft:vine":34,"minecraft:cave_vines":1,"minecraft:bamboo":15,"minecraft:azalea":4,"minecraft:stone":1626,"minecraft:acacia_leaves":7,"minecraft:flowering_azalea":1,"minecraft:blackstone":6,"minecraft:basalt":1,"minecraft:clay":4,"minecraft:crafting_table":2,"minecraft:torch":16,"minecraft:jungle_stairs":1,"minecraft:melon":28,"minecraft:tall_grass":68,"minecraft:copper_ore":12,"minecraft:cobblestone":8,"minecraft:deepslate_gold_ore":1,"minecraft:wall_torch":21,"minecraft:jungle_wood":4,"minecraft:redstone_torch":1,"minecraft:wheat":63,"minecraft:light_gray_wool":10,"minecraft:grass":543,"minecraft:coal_ore":86,"minecraft:oak_log":7,"minecraft:dirt":135,"minecraft:gravel":49,"minecraft:sand":6,"minecraft:cobweb":6,"minecraft:small_dripleaf":1,"minecraft:gold_ore":1,"minecraft:oak_leaves":24,"minecraft:deepslate":7,"minecraft:fern":143},"minecraft:custom":{"minecraft:interact_with_smithing_table":1,"minecraft:mob_kills":54,"minecraft:interact_with_crafting_table":33,"minecraft:leave_game":8,"minecraft:time_since_death":123693,"minecraft:climb_one_cm":18974,"minecraft:sprint_one_cm":802273,"minecraft:walk_one_cm":1238245,"minecraft:drop":61,"minecraft:talked_to_villager":1,"minecraft:play_time":318743,"minecraft:deaths":3,"minecraft:sneak_time":1028,"minecraft:walk_under_water_one_cm":23164,"minecraft:jump":3222,"minecraft:walk_on_water_one_cm":55133,"minecraft:total_world_time":318743,"minecraft:interact_with_furnace":49,"minecraft:sleep_in_bed":3,"minecraft:time_since_rest":113161,"minecraft:damage_taken":3890,"minecraft:damage_dealt":10359,"minecraft:fly_one_cm":782326,"minecraft:swim_one_cm":66099,"minecraft:open_chest":66,"minecraft:crouch_one_cm":1140,"minecraft:interact_with_smoker":1,"minecraft:fall_one_cm":46342},"minecraft:crafted":{"minecraft:oak_planks":28,"minecraft:stone_shovel":2,"minecraft:cooked_chicken":2,"minecraft:furnace":1,"minecraft:iron_axe":2,"minecraft:stone_pickaxe":5,"minecraft:chest":2,"minecraft:stone_hoe":2,"minecraft:cooked_beef":2,"minecraft:cooked_porkchop":10,"minecraft:crafting_table":2,"minecraft:wooden_pickaxe":1,"minecraft:baked_potato":17,"minecraft:bucket":1,"minecraft:stone_axe":1,"minecraft:bread":8,"minecraft:air":0,"minecraft:jungle_planks":170,"minecraft:light_gray_bed":1,"minecraft:stick":70,"minecraft:iron_ingot":102,"minecraft:iron_pickaxe":7,"minecraft:stone_sword":1,"minecraft:gold_ingot":1,"minecraft:acacia_planks":8,"minecraft:torch":8},"minecraft:used":{"minecraft:moss_block":7,"minecraft:moss_carpet":1,"minecraft:stone_sword":74,"minecraft:stone_shovel":249,"minecraft:chest":2,"minecraft:stone_hoe":574,"minecraft:torch":88,"minecraft:dirt":174,"minecraft:jungle_planks":29,"minecraft:axolotl_bucket":1,"minecraft:iron_axe":208,"minecraft:furnace":1,"minecraft:potato":75,"minecraft:cooked_beef":2,"minecraft:cobbled_deepslate":6,"minecraft:light_gray_bed":2,"minecraft:wheat_seeds":188,"minecraft:water_bucket":6,"minecraft:stone_pickaxe":526,"minecraft:baked_potato":5,"minecraft:wooden_pickaxe":26,"minecraft:crafting_table":4,"minecraft:bread":7,"minecraft:melon_slice":122,"minecraft:iron_pickaxe":1395,"minecraft:jungle_stairs":3,"minecraft:gravel":7,"minecraft:stone_axe":321,"minecraft:cobblestone":226,"minecraft:cooked_porkchop":9,"minecraft:bucket":8},"minecraft:picked_up":{"minecraft:cocoa_beans":30,"minecraft:crafting_table":2,"minecraft:wheat":26,"minecraft:chicken":4,"minecraft:clay_ball":241,"minecraft:brick":12,"minecraft:string":16,"minecraft:moss_carpet":166,"minecraft:raw_copper":103,"minecraft:iron_axe":3,"minecraft:blackstone":15,"minecraft:cobbled_deepslate":20,"minecraft:bucket":1,"minecraft:beef":4,"minecraft:redstone_torch":1,"minecraft:jungle_sapling":8,"minecraft:azalea":12,"minecraft:iron_pickaxe":2,"minecraft:light_gray_wool":40,"minecraft:melon_slice":154,"minecraft:egg":2,"minecraft:stick":49,"minecraft:raw_iron":148,"minecraft:big_dripleaf":1,"minecraft:torch":125,"minecraft:acacia_log":2,"minecraft:porkchop":20,"minecraft:stone_shovel":1,"minecraft:stone_sword":2,"minecraft:arrow":36,"minecraft:light_gray_bed":3,"minecraft:rotten_flesh":36,"minecraft:jungle_stairs":7,"minecraft:glow_berries":5,"minecraft:cobblestone":2100,"minecraft:basalt":2,"minecraft:feather":3,"minecraft:glow_ink_sac":6,"minecraft:water_bucket":2,"minecraft:jungle_log":148,"minecraft:leather":4,"minecraft:jungle_wood":4,"minecraft:potato":81,"minecraft:flint":10,"minecraft:oak_log":7,"minecraft:danger_pottery_sherd":4,"minecraft:gunpowder":1,"minecraft:wooden_hoe":1,"minecraft:dirt":375,"minecraft:bone":19,"minecraft:apple":6,"minecraft:wheat_seeds":283,"minecraft:raw_gold":5,"minecraft:iron_ingot":5,"minecraft:bamboo":158,"minecraft:moss_block":153,"minecraft:stone_hoe":1,"minecraft:flowering_azalea":18,"minecraft:poisonous_potato":1,"minecraft:gravel":77,"minecraft:jungle_planks":70,"minecraft:sand":6,"minecraft:spider_eye":6,"minecraft:diamond":12,"minecraft:stone_axe":4,"minecraft:crossbow":3,"minecraft:oak_sapling":2,"minecraft:coal":118},"minecraft:broken":{"minecraft:stone_hoe":1,"minecraft:stone_pickaxe":4,"minecraft:stone_axe":1,"minecraft:iron_pickaxe":5,"minecraft:stone_shovel":1},"minecraft:dropped":{"minecraft:moss_block":12,"minecraft:poisonous_potato":1,"minecraft:cobblestone":608,"minecraft:glow_berries":5,"minecraft:jungle_planks":1,"minecraft:dirt":2,"minecraft:torch":10,"minecraft:melon_slice":1,"minecraft:jungle_sapling":6,"minecraft:flowering_azalea":4,"minecraft:iron_axe":1,"minecraft:sand":6,"minecraft:string":5,"minecraft:bone":1,"minecraft:gravel":31,"minecraft:moss_carpet":116,"minecraft:stone_axe":1,"minecraft:cobbled_deepslate":4,"minecraft:cocoa_beans":15,"minecraft:rotten_flesh":14,"minecraft:light_gray_wool":20,"minecraft:clay_ball":53,"minecraft:big_dripleaf":1,"minecraft:potato":1,"minecraft:oak_sapling":1,"minecraft:azalea":4,"minecraft:spider_eye":2,"minecraft:bamboo":158,"minecraft:arrow":2,"minecraft:basalt":2,"minecraft:wooden_pickaxe":1}},"DataVersion":3465}