{"stats":{"minecraft:dropped":{"minecraft:moss_block":153,"minecraft:brown_mushroom":4,"minecraft:baked_potato":36,"minecraft:spore_blossom":3,"minecraft:jungle_fence":1,"minecraft:glow_berries":6,"minecraft:jungle_planks":3,"minecraft:red_mushroom":2,"minecraft:flint":1,"minecraft:dirt":51,"minecraft:jungle_sapling":11,"minecraft:sand":6,"minecraft:iron_pickaxe":1,"minecraft:bone":1,"minecraft:gravel":33,"minecraft:stone_axe":1,"minecraft:blackstone":37,"minecraft:cobbled_deepslate":71,"minecraft:wheat":13,"minecraft:rotten_flesh":30,"minecraft:grindstone":1,"minecraft:carrot":64,"minecraft:charcoal":3,"minecraft:azalea":34,"minecraft:acacia_sapling":15,"minecraft:basalt":2,"minecraft:arrow":26,"minecraft:egg":3,"minecraft:golden_boots":2,"minecraft:wheat_seeds":628,"minecraft:smithing_table":2,"minecraft:poisonous_potato":2,"minecraft:oak_fence":4,"minecraft:golden_axe":1,"minecraft:cobblestone":1110,"minecraft:granite":1,"minecraft:jungle_slab":4,"minecraft:torch":50,"minecraft:melon_slice":1,"minecraft:flowering_azalea":13,"minecraft:iron_axe":3,"minecraft:mud":1,"minecraft:iron_shovel":1,"minecraft:string":69,"minecraft:moss_carpet":122,"minecraft:coarse_dirt":4,"minecraft:cocoa_beans":15,"minecraft:tuff":11,"minecraft:composter":2,"minecraft:stone_shovel":1,"minecraft:light_gray_wool":20,"minecraft:clay_ball":369,"minecraft:big_dripleaf":2,"minecraft:potato":1,"minecraft:shield":1,"minecraft:oak_sapling":6,"minecraft:redstone_torch":1,"minecraft:spider_eye":2,"minecraft:bamboo":158,"minecraft:bow":1,"minecraft:stone_pickaxe":1,"minecraft:wooden_pickaxe":1},"minecraft:used":{"minecraft:moss_block":7,"minecraft:moss_carpet":1,"minecraft:iron_shovel":306,"minecraft:chest":6,"minecraft:iron_sword":144,"minecraft:bell":1,"minecraft:jungle_planks":29,"minecraft:carrot":42,"minecraft:tuff":4,"minecraft:axolotl_bucket":1,"minecraft:lava_bucket":1,"minecraft:furnace":1,"minecraft:potato":393,"minecraft:stone_pickaxe":526,"minecraft:ender_pearl":3,"minecraft:wooden_pickaxe":26,"minecraft:composter":2,"minecraft:diamond_axe":127,"minecraft:jungle_boat":21,"minecraft:shears":2,"minecraft:lever":1,"minecraft:melon_slice":122,"minecraft:bread":38,"minecraft:string":9,"minecraft:lectern":85,"minecraft:gravel":7,"minecraft:enchanting_table":1,"minecraft:stone_sword":101,"minecraft:stone_shovel":266,"minecraft:stone_hoe":577,"minecraft:torch":319,"minecraft:dirt":219,"minecraft:jungle_trapdoor":4,"minecraft:bookshelf":28,"minecraft:iron_axe":517,"minecraft:barrel":4,"minecraft:tripwire_hook":3,"minecraft:cooked_beef":2,"minecraft:cobbled_deepslate":48,"minecraft:light_gray_bed":3,"minecraft:wheat_seeds":506,"minecraft:acacia_boat":14,"minecraft:water_bucket":32,"minecraft:cobblestone_stairs":13,"minecraft:baked_potato":76,"minecraft:crafting_table":4,"minecraft:diamond_pickaxe":59,"minecraft:iron_pickaxe":2315,"minecraft:jungle_stairs":3,"minecraft:stone_axe":321,"minecraft:cobblestone":373,"minecraft:cooked_porkchop":9,"minecraft:jungle_door":29,"minecraft:bucket":35},"minecraft:picked_up":{"minecraft:wheat":337,"minecraft:smithing_table":2,"minecraft:string":7173,"minecraft:raw_copper":103,"minecraft:cobbled_deepslate":150,"bosses_of_mass_destruction:soul_star":4,"minecraft:bucket":1,"minecraft:redstone_torch":1,"minecraft:azalea":23,"minecraft:iron_pickaxe":9,"minecraft:melon_slice":154,"minecraft:stick":193,"minecraft:jungle_door":29,"minecraft:composter":5,"minecraft:big_dripleaf":2,"minecraft:oak_fence":4,"minecraft:torch":230,"minecraft:acacia_log":2,"minecraft:porkchop":20,"minecraft:golden_axe":1,"minecraft:stone_sword":2,"minecraft:light_gray_bed":4,"minecraft:rotten_flesh":71,"minecraft:tropical_fish":5,"minecraft:obsidian":12,"minecraft:cobblestone":3601,"minecraft:magma_block":6,"minecraft:feather":3,"minecraft:water_bucket":7,"minecraft:jungle_log":148,"minecraft:jungle_wood":4,"minecraft:smoker":3,"minecraft:potato":931,"minecraft:flint":18,"minecraft:tuff":15,"minecraft:danger_pottery_sherd":4,"minecraft:acacia_boat":15,"minecraft:dirt":795,"minecraft:lapis_lazuli":152,"minecraft:bone":35,"minecraft:acacia_planks":1,"minecraft:bow":2,"minecraft:wheat_seeds":1376,"minecraft:raw_gold":22,"minecraft:bell":1,"minecraft:grindstone":2,"minecraft:bamboo":159,"minecraft:moss_block":216,"minecraft:stone_hoe":6,"minecraft:cooked_porkchop":5,"minecraft:poisonous_potato":2,"minecraft:jungle_planks":99,"minecraft:sand":6,"minecraft:barrel":6,"minecraft:diamond":28,"minecraft:crossbow":3,"minecraft:granite":1,"minecraft:bone_meal":22,"minecraft:emerald":55,"minecraft:bread":123,"minecraft:oak_sapling":14,"minecraft:cocoa_beans":30,"minecraft:mud":1,"minecraft:coarse_dirt":4,"minecraft:crafting_table":2,"minecraft:chicken":4,"minecraft:clay_ball":433,"minecraft:brown_mushroom":4,"minecraft:shield":2,"minecraft:brick":12,"minecraft:jungle_trapdoor":2,"minecraft:moss_carpet":172,"minecraft:iron_axe":11,"minecraft:blackstone":185,"minecraft:cartography_table":1,"minecraft:beef":4,"minecraft:jungle_sapling":8,"minecraft:light_gray_wool":40,"minecraft:lectern":86,"minecraft:egg":2,"minecraft:raw_iron":308,"minecraft:carrot":115,"minecraft:arrow":70,"minecraft:stone_shovel":7,"minecraft:jungle_stairs":7,"minecraft:glow_berries":6,"minecraft:jungle_boat":22,"minecraft:basalt":2,"minecraft:glow_ink_sac":6,"minecraft:tripwire_hook":1,"minecraft:leather":4,"minecraft:jungle_fence":1,"minecraft:red_mushroom":2,"minecraft:oak_log":7,"minecraft:golden_boots":3,"minecraft:gunpowder":1,"minecraft:cobblestone_stairs":2,"minecraft:wooden_hoe":1,"minecraft:apple":6,"minecraft:spore_blossom":4,"minecraft:iron_ingot":8,"minecraft:stone_pickaxe":3,"minecraft:iron_sword":1,"minecraft:acacia_sapling":15,"minecraft:flowering_azalea":20,"minecraft:book":57,"minecraft:gravel":79,"minecraft:spider_eye":10,"minecraft:stone_axe":4,"minecraft:baked_potato":296,"minecraft:coal":212,"minecraft:ender_pearl":4},"minecraft:killed":{"minecraft:cave_spider":13,"minecraft:spider":8,"minecraft:skeleton":24,"minecraft:chicken":2,"minecraft:pig":4,"minecraft:zombie_villager":1,"minecraft:pillager":1,"minecraft:zombie":58,"minecraft:cow":1,"minecraft:villager":1},"minecraft:broken":{"minecraft:stone_pickaxe":4,"minecraft:stone_axe":1,"minecraft:iron_sword":1,"minecraft:stone_shovel":1,"minecraft:stone_sword":1,"minecraft:stone_hoe":1,"minecraft:iron_axe":1,"minecraft:iron_pickaxe":9},"minecraft:custom":{"minecraft:interact_with_crafting_table":76,"minecraft:open_barrel":1,"minecraft:bell_ring":2,"minecraft:leave_game":13,"minecraft:time_since_death":338984,"minecraft:sprint_one_cm":2021642,"minecraft:drop":250,"minecraft:talked_to_villager":323,"minecraft:play_time":704897,"minecraft:deaths":9,"minecraft:jump":6463,"minecraft:walk_on_water_one_cm":155957,"minecraft:enchant_item":1,"minecraft:interact_with_furnace":93,"minecraft:traded_with_villager":163,"minecraft:interact_with_cartography_table":1,"minecraft:interact_with_loom":1,"minecraft:sleep_in_bed":14,"minecraft:damage_dealt":21697,"minecraft:crouch_one_cm":6194,"minecraft:interact_with_smoker":1,"minecraft:interact_with_smithing_table":2,"minecraft:interact_with_anvil":2,"minecraft:mob_kills":117,"minecraft:climb_one_cm":30821,"minecraft:walk_one_cm":2659635,"minecraft:sneak_time":3672,"minecraft:walk_under_water_one_cm":117582,"minecraft:boat_one_cm":561575,"minecraft:interact_with_blast_furnace":1,"minecraft:total_world_time":704897,"minecraft:interact_with_grindstone":1,"minecraft:interact_with_stonecutter":1,"minecraft:time_since_rest":18727,"minecraft:damage_taken":8910,"minecraft:swim_one_cm":252232,"minecraft:fly_one_cm":1083299,"minecraft:open_chest":216,"minecraft:fall_one_cm":111254},"minecraft:crafted":{"minecraft:oak_planks":124,"minecraft:barrel":1,"minecraft:cooked_chicken":2,"minecraft:cobblestone_stairs":40,"minecraft:lever":1,"minecraft:bookshelf":28,"minecraft:iron_boots":1,"minecraft:chest":6,"minecraft:stone_hoe":2,"minecraft:emerald":143,"minecraft:cooked_porkchop":10,"minecraft:diamond_axe":1,"minecraft:crafting_table":2,"minecraft:jungle_boat":1,"minecraft:wooden_pickaxe":1,"minecraft:baked_potato":391,"minecraft:iron_helmet":1,"minecraft:light_gray_bed":1,"minecraft:diamond_pickaxe":1,"minecraft:iron_chestplate":1,"minecraft:shield":1,"minecraft:stick":126,"minecraft:iron_ingot":310,"minecraft:iron_pickaxe":11,"minecraft:stone_sword":1,"minecraft:gold_ingot":18,"minecraft:shears":1,"minecraft:stone_shovel":2,"minecraft:tripwire_hook":2,"minecraft:furnace":1,"minecraft:jungle_trapdoor":2,"minecraft:bone_meal":75,"minecraft:iron_axe":4,"minecraft:stone_pickaxe":5,"minecraft:cooked_beef":2,"minecraft:enchanting_table":1,"minecraft:iron_sword":1,"minecraft:bucket":2,"minecraft:stone_axe":1,"minecraft:enchanted_book":8,"minecraft:jungle_slab":6,"minecraft:bread":107,"minecraft:air":0,"minecraft:jungle_planks":258,"minecraft:jungle_door":3,"minecraft:white_wool":247,"minecraft:iron_shovel":1,"minecraft:iron_leggings":1,"minecraft:acacia_planks":8,"minecraft:torch":184},"minecraft:killed_by":{"minecraft:zombie":1,"minecraft:enderman":6,"minecraft:skeleton":2},"minecraft:mined":{"minecraft:farmland":1,"minecraft:cobblestone_stairs":2,"minecraft:jungle_leaves":14,"minecraft:obsidian":12,"minecraft:cave_vines_plant":9,"minecraft:granite":1,"minecraft:acacia_log":2,"minecraft:grass_block":143,"minecraft:jungle_log":31,"minecraft:light_gray_bed":2,"minecraft:composter":6,"minecraft:magma_block":7,"minecraft:cobbled_deepslate":9,"minecraft:barrel":5,"minecraft:iron_ore":267,"minecraft:fire":5,"minecraft:moss_carpet":3,"minecraft:deepslate_lapis_ore":9,"minecraft:brown_bed":1,"minecraft:cave_vines":8,"minecraft:dirt_path":51,"minecraft:azalea":13,"minecraft:tripwire":5,"minecraft:jungle_trapdoor":2,"minecraft:jungle_door":28,"minecraft:blackstone":31,"minecraft:smoker":3,"minecraft:clay":30,"minecraft:torch":66,"minecraft:jungle_stairs":1,"minecraft:melon":28,"minecraft:cobblestone":31,"minecraft:grindstone":2,"minecraft:wall_torch":63,"minecraft:jungle_wood":4,"minecraft:mud":1,"minecraft:wheat":445,"minecraft:light_gray_wool":10,"minecraft:grass":616,"minecraft:oak_log":7,"minecraft:sand":6,"minecraft:dirt":155,"minecraft:tripwire_hook":1,"minecraft:oak_leaves":24,"minecraft:deepslate":109,"minecraft:diamond_ore":5,"minecraft:tuff":18,"minecraft:deepslate_diamond_ore":23,"minecraft:glow_lichen":2,"minecraft:decorated_pot":1,"minecraft:jungle_planks":5,"minecraft:moss_block":92,"minecraft:cartography_table":1,"minecraft:spore_blossom":1,"minecraft:carrots":22,"minecraft:bell":1,"minecraft:bookshelf":19,"minecraft:potatoes":309,"minecraft:vine":43,"minecraft:deepslate_iron_ore":30,"minecraft:bamboo":15,"minecraft:stone":2023,"minecraft:acacia_leaves":7,"minecraft:flowering_azalea":2,"minecraft:basalt":6,"minecraft:oak_fence":4,"minecraft:crafting_table":2,"minecraft:lectern":86,"minecraft:copper_ore":12,"minecraft:tall_grass":75,"minecraft:lapis_ore":15,"minecraft:deepslate_gold_ore":16,"minecraft:coarse_dirt":4,"minecraft:redstone_torch":1,"minecraft:jungle_fence":1,"minecraft:coal_ore":187,"minecraft:gravel":52,"minecraft:cobweb":147,"minecraft:acacia_planks":1,"minecraft:small_dripleaf":1,"minecraft:gold_ore":3,"minecraft:fern":172}},"DataVersion":3465}