{"stats":{"minecraft:dropped":{"minecraft:moss_block":12,"minecraft:glow_berries":5,"minecraft:melon_slice":1,"minecraft:jungle_sapling":6,"minecraft:flowering_azalea":3,"minecraft:sand":6,"minecraft:string":2,"minecraft:stone_axe":1,"minecraft:moss_carpet":103,"minecraft:rotten_flesh":7,"minecraft:potato":1,"minecraft:oak_sapling":1,"minecraft:azalea":2,"minecraft:spider_eye":2,"minecraft:bamboo":158,"minecraft:basalt":2,"minecraft:wooden_pickaxe":1},"minecraft:killed":{"minecraft:spider":3,"minecraft:skeleton":7,"minecraft:chicken":2,"minecraft:pig":4,"minecraft:zombie_villager":1,"minecraft:pillager":1,"minecraft:zombie":13,"minecraft:cow":1},"minecraft:crafted":{"minecraft:oak_planks":28,"minecraft:stone_shovel":2,"minecraft:furnace":1,"minecraft:iron_axe":1,"minecraft:stone_pickaxe":3,"minecraft:stone_hoe":1,"minecraft:cooked_beef":2,"minecraft:crafting_table":2,"minecraft:wooden_pickaxe":1,"minecraft:bucket":1,"minecraft:stone_axe":1,"minecraft:air":0,"minecraft:jungle_planks":136,"minecraft:light_gray_bed":1,"minecraft:stick":70,"minecraft:iron_ingot":20,"minecraft:iron_pickaxe":2,"minecraft:stone_sword":1,"minecraft:acacia_planks":8,"minecraft:torch":8},"minecraft:custom":{"minecraft:mob_kills":32,"minecraft:interact_with_crafting_table":18,"minecraft:leave_game":7,"minecraft:time_since_death":31300,"minecraft:climb_one_cm":9469,"minecraft:sprint_one_cm":439710,"minecraft:walk_one_cm":573456,"minecraft:drop":26,"minecraft:play_time":159850,"minecraft:deaths":2,"minecraft:sneak_time":938,"minecraft:walk_under_water_one_cm":5828,"minecraft:jump":2053,"minecraft:walk_on_water_one_cm":20459,"minecraft:total_world_time":159850,"minecraft:interact_with_furnace":19,"minecraft:sleep_in_bed":2,"minecraft:time_since_rest":10133,"minecraft:damage_taken":2420,"minecraft:damage_dealt":6029,"minecraft:fly_one_cm":712690,"minecraft:swim_one_cm":35353,"minecraft:open_chest":14,"minecraft:crouch_one_cm":1140,"minecraft:fall_one_cm":30525},"minecraft:used":{"minecraft:moss_block":7,"minecraft:stone_sword":42,"minecraft:stone_shovel":212,"minecraft:stone_hoe":408,"minecraft:torch":20,"minecraft:axolotl_bucket":1,"minecraft:iron_axe":161,"minecraft:furnace":1,"minecraft:cooked_beef":2,"minecraft:cobbled_deepslate":6,"minecraft:light_gray_bed":2,"minecraft:water_bucket":3,"minecraft:stone_pickaxe":264,"minecraft:wooden_pickaxe":26,"minecraft:crafting_table":4,"minecraft:melon_slice":118,"minecraft:iron_pickaxe":184,"minecraft:gravel":7,"minecraft:stone_axe":40,"minecraft:cobblestone":75,"minecraft:bucket":5},"minecraft:mined":{"minecraft:deepslate_diamond_ore":12,"minecraft:jungle_leaves":14,"minecraft:glow_lichen":1,"minecraft:cave_vines_plant":3,"minecraft:acacia_log":2,"minecraft:grass_block":117,"minecraft:decorated_pot":1,"minecraft:jungle_log":31,"minecraft:light_gray_bed":1,"minecraft:moss_block":43,"minecraft:fire":1,"minecraft:iron_ore":21,"minecraft:cobbled_deepslate":5,"minecraft:moss_carpet":2,"minecraft:cave_vines":1,"minecraft:vine":18,"minecraft:bamboo":15,"minecraft:azalea":2,"minecraft:stone":358,"minecraft:acacia_leaves":7,"minecraft:flowering_azalea":1,"minecraft:blackstone":6,"minecraft:basalt":1,"minecraft:crafting_table":2,"minecraft:torch":12,"minecraft:jungle_stairs":1,"minecraft:melon":28,"minecraft:copper_ore":4,"minecraft:tall_grass":62,"minecraft:cobblestone":5,"minecraft:deepslate_gold_ore":1,"minecraft:wall_torch":10,"minecraft:jungle_wood":4,"minecraft:light_gray_wool":10,"minecraft:grass":289,"minecraft:oak_log":7,"minecraft:coal_ore":17,"minecraft:dirt":85,"minecraft:gravel":14,"minecraft:sand":6,"minecraft:cobweb":6,"minecraft:small_dripleaf":1,"minecraft:oak_leaves":22,"minecraft:deepslate":7,"minecraft:fern":75},"minecraft:picked_up":{"minecraft:crafting_table":2,"minecraft:chicken":4,"minecraft:clay_ball":6,"minecraft:brick":6,"minecraft:moss_carpet":153,"minecraft:string":5,"minecraft:raw_copper":17,"minecraft:iron_axe":2,"minecraft:blackstone":12,"minecraft:cobbled_deepslate":16,"minecraft:bucket":1,"minecraft:beef":4,"minecraft:azalea":7,"minecraft:jungle_sapling":8,"minecraft:light_gray_wool":10,"minecraft:iron_pickaxe":1,"minecraft:melon_slice":154,"minecraft:stick":11,"minecraft:raw_iron":23,"minecraft:torch":42,"minecraft:acacia_log":2,"minecraft:porkchop":20,"minecraft:rotten_flesh":21,"minecraft:stone_sword":1,"minecraft:arrow":19,"minecraft:light_gray_bed":1,"minecraft:jungle_stairs":2,"minecraft:glow_berries":5,"minecraft:cobblestone":509,"minecraft:feather":3,"minecraft:basalt":2,"minecraft:water_bucket":1,"minecraft:jungle_log":95,"minecraft:leather":2,"minecraft:jungle_wood":4,"minecraft:potato":1,"minecraft:flint":2,"minecraft:oak_log":7,"minecraft:danger_pottery_sherd":2,"minecraft:dirt":217,"minecraft:bone":15,"minecraft:wheat_seeds":61,"minecraft:raw_gold":4,"minecraft:bamboo":158,"minecraft:moss_block":47,"minecraft:flowering_azalea":3,"minecraft:gravel":15,"minecraft:sand":6,"minecraft:spider_eye":3,"minecraft:diamond":12,"minecraft:stone_axe":3,"minecraft:crossbow":2,"minecraft:oak_sapling":2,"minecraft:coal":17},"minecraft:broken":{"minecraft:stone_pickaxe":2,"minecraft:stone_shovel":1},"minecraft:killed_by":{"minecraft:enderman":1,"minecraft:skeleton":1}},"DataVersion":3465}