{"stats":{"minecraft:picked_up":{"minecraft:stick":1},"minecraft:custom":{"minecraft:jump":108,"minecraft:open_chest":1,"minecraft:time_since_rest":16444,"minecraft:leave_game":2,"minecraft:sprint_one_cm":16197,"minecraft:play_time":16444,"minecraft:time_since_death":16444,"minecraft:walk_on_water_one_cm":412,"minecraft:walk_one_cm":29530,"minecraft:sneak_time":90,"minecraft:total_world_time":16444,"minecraft:climb_one_cm":1926,"minecraft:walk_under_water_one_cm":1281,"minecraft:fly_one_cm":458550}},"DataVersion":3465}