{"stats":{"minecraft:killed":{"minecraft:cave_spider":48,"minecraft:spider":8,"minecraft:skeleton":24,"minecraft:chicken":2,"minecraft:pig":4,"minecraft:zombie_villager":1,"minecraft:iron_golem":20,"minecraft:pillager":1,"minecraft:zombie":59,"minecraft:cow":1,"minecraft:villager":3},"minecraft:killed_by":{"minecraft:zombie":1,"minecraft:enderman":6,"minecraft:skeleton":2},"minecraft:picked_up":{"minecraft:wooden_axe":1,"minecraft:wheat":416,"minecraft:smithing_table":2,"minecraft:brown_bed":1,"minecraft:enchanted_book":2,"minecraft:string":22317,"minecraft:raw_copper":152,"minecraft:cobbled_deepslate":155,"bosses_of_mass_destruction:soul_star":4,"minecraft:bucket":1,"minecraft:redstone_torch":1,"minecraft:cobblestone_slab":38,"minecraft:azalea":24,"minecraft:iron_pickaxe":9,"minecraft:melon_slice":154,"minecraft:stick":193,"minecraft:jungle_door":29,"minecraft:acacia_fence":2,"minecraft:composter":5,"minecraft:big_dripleaf":2,"minecraft:oak_fence":4,"minecraft:torch":327,"minecraft:acacia_log":4,"minecraft:porkchop":20,"minecraft:golden_axe":1,"minecraft:stone_sword":3,"minecraft:light_gray_bed":4,"minecraft:rotten_flesh":72,"minecraft:tropical_fish":5,"minecraft:obsidian":12,"minecraft:cobblestone":6190,"minecraft:magma_block":7,"minecraft:feather":3,"minecraft:water_bucket":7,"minecraft:jungle_log":242,"minecraft:jungle_wood":4,"minecraft:smoker":3,"minecraft:potato":931,"minecraft:flint":23,"minecraft:tuff":15,"minecraft:danger_pottery_sherd":4,"minecraft:acacia_boat":25,"minecraft:lapis_lazuli":250,"minecraft:dirt":817,"minecraft:bone":35,"minecraft:acacia_planks":6,"minecraft:bow":2,"minecraft:wheat_seeds":1958,"minecraft:raw_gold":30,"minecraft:bell":1,"minecraft:grindstone":2,"minecraft:bamboo":160,"minecraft:moss_block":234,"minecraft:stone_hoe":6,"minecraft:cooked_porkchop":5,"minecraft:poisonous_potato":2,"minecraft:jungle_planks":102,"minecraft:sand":6,"minecraft:barrel":14,"minecraft:diamond":28,"minecraft:crossbow":3,"minecraft:granite":1,"minecraft:bone_meal":39,"minecraft:bread":124,"minecraft:emerald":146,"minecraft:oak_sapling":15,"minecraft:netherrack":2,"minecraft:diamond_pickaxe":1,"minecraft:cocoa_beans":30,"minecraft:mud":1,"minecraft:coarse_dirt":4,"minecraft:crafting_table":3,"minecraft:chicken":4,"minecraft:clay_ball":1521,"minecraft:brown_mushroom":4,"minecraft:shield":2,"minecraft:brick":12,"minecraft:jungle_trapdoor":5,"minecraft:moss_carpet":173,"minecraft:iron_axe":11,"minecraft:acacia_door":1,"minecraft:blackstone":185,"minecraft:cartography_table":1,"minecraft:beef":4,"minecraft:jungle_sapling":9,"minecraft:poppy":14,"minecraft:light_gray_wool":40,"minecraft:lectern":123,"minecraft:chest":2,"minecraft:egg":2,"minecraft:raw_iron":347,"minecraft:carrot":144,"minecraft:jungle_sign":20,"minecraft:arrow":70,"minecraft:stone_shovel":7,"minecraft:jungle_stairs":7,"minecraft:glow_berries":6,"minecraft:jungle_boat":29,"minecraft:basalt":2,"minecraft:glow_ink_sac":6,"minecraft:tripwire_hook":1,"minecraft:leather":4,"minecraft:jungle_fence":1,"minecraft:red_mushroom":2,"minecraft:oak_log":7,"minecraft:golden_boots":3,"minecraft:gunpowder":1,"minecraft:cobblestone_stairs":5,"minecraft:wooden_hoe":1,"minecraft:apple":6,"minecraft:acacia_trapdoor":4,"minecraft:spore_blossom":4,"minecraft:iron_ingot":90,"minecraft:stone_pickaxe":3,"minecraft:acacia_sapling":15,"minecraft:iron_sword":1,"minecraft:flowering_azalea":21,"minecraft:book":80,"minecraft:gravel":162,"minecraft:crying_obsidian":3,"minecraft:spider_eye":25,"minecraft:stone_axe":4,"minecraft:diamond_axe":3,"minecraft:baked_potato":297,"minecraft:acacia_slab":5,"minecraft:coal":269,"minecraft:hopper":3,"minecraft:ender_pearl":4},"minecraft:dropped":{"minecraft:moss_block":171,"minecraft:brown_mushroom":4,"minecraft:diamond_axe":3,"minecraft:baked_potato":37,"minecraft:spore_blossom":3,"minecraft:jungle_fence":1,"minecraft:glow_berries":6,"minecraft:jungle_planks":6,"minecraft:red_mushroom":2,"minecraft:emerald":63,"minecraft:flint":1,"minecraft:dirt":51,"minecraft:jungle_sapling":12,"minecraft:jungle_sign":1,"minecraft:sand":6,"minecraft:iron_pickaxe":1,"minecraft:bone":1,"minecraft:gravel":115,"minecraft:stone_axe":1,"minecraft:blackstone":37,"minecraft:cobbled_deepslate":71,"minecraft:wheat":14,"minecraft:rotten_flesh":30,"minecraft:grindstone":1,"minecraft:carrot":85,"minecraft:poppy":14,"minecraft:charcoal":3,"minecraft:acacia_slab":5,"minecraft:azalea":35,"minecraft:acacia_sapling":16,"minecraft:basalt":2,"minecraft:arrow":26,"minecraft:egg":3,"minecraft:bread":1,"minecraft:stone_hoe":1,"minecraft:golden_boots":2,"minecraft:wheat_seeds":629,"minecraft:smithing_table":2,"minecraft:poisonous_potato":2,"minecraft:oak_fence":4,"minecraft:cobblestone":2788,"minecraft:golden_axe":1,"minecraft:granite":1,"minecraft:acacia_log":1,"minecraft:acacia_trapdoor":4,"minecraft:stick":1,"minecraft:jungle_slab":8,"minecraft:torch":50,"minecraft:wooden_axe":1,"minecraft:melon_slice":1,"minecraft:iron_leggings":1,"minecraft:flowering_azalea":14,"minecraft:iron_axe":3,"minecraft:mud":1,"minecraft:iron_shovel":1,"minecraft:string":76,"minecraft:acacia_planks":7,"minecraft:moss_carpet":123,"minecraft:coarse_dirt":4,"minecraft:stone_sword":1,"minecraft:cocoa_beans":15,"minecraft:tuff":11,"minecraft:composter":2,"minecraft:stone_shovel":1,"minecraft:light_gray_wool":20,"minecraft:clay_ball":1417,"minecraft:iron_boots":1,"minecraft:big_dripleaf":2,"minecraft:potato":2,"minecraft:cobblestone_slab":32,"minecraft:shield":1,"minecraft:diamond_pickaxe":1,"minecraft:iron_chestplate":1,"minecraft:oak_sapling":7,"minecraft:redstone_torch":1,"minecraft:spider_eye":11,"minecraft:bamboo":159,"minecraft:bow":1,"minecraft:stone_pickaxe":1,"minecraft:wooden_pickaxe":1},"minecraft:broken":{"minecraft:iron_shovel":1,"minecraft:stone_pickaxe":4,"minecraft:stone_axe":1,"minecraft:iron_sword":1,"minecraft:stone_shovel":1,"minecraft:stone_sword":1,"minecraft:stone_hoe":1,"minecraft:iron_axe":1,"minecraft:iron_pickaxe":9,"minecraft:iron_helmet":1},"minecraft:crafted":{"minecraft:oak_planks":124,"minecraft:cobblestone_slab":6,"minecraft:barrel":2,"minecraft:cooked_chicken":2,"minecraft:cobblestone_stairs":44,"minecraft:lever":1,"minecraft:bookshelf":35,"minecraft:hopper":3,"minecraft:iron_boots":2,"minecraft:chest":19,"minecraft:stone_hoe":2,"minecraft:emerald":654,"minecraft:cooked_porkchop":10,"minecraft:diamond_axe":1,"minecraft:crafting_table":2,"minecraft:jungle_boat":2,"minecraft:acacia_slab":48,"minecraft:iron_helmet":2,"minecraft:wooden_pickaxe":1,"minecraft:baked_potato":391,"minecraft:light_gray_bed":1,"minecraft:iron_chestplate":2,"minecraft:diamond_pickaxe":1,"minecraft:shield":1,"minecraft:stick":178,"minecraft:iron_ingot":310,"minecraft:iron_pickaxe":12,"minecraft:stone_sword":1,"minecraft:gold_ingot":18,"minecraft:composter":2,"minecraft:shears":1,"minecraft:jungle_sign":63,"minecraft:stone_shovel":2,"minecraft:fishing_rod":3,"minecraft:tripwire_hook":2,"minecraft:furnace":1,"minecraft:jungle_trapdoor":6,"minecraft:bone_meal":75,"minecraft:flint_and_steel":1,"minecraft:iron_axe":4,"minecraft:stone_pickaxe":5,"minecraft:cooked_beef":2,"minecraft:diamond_sword":1,"minecraft:enchanting_table":1,"minecraft:iron_sword":1,"minecraft:bucket":2,"minecraft:stone_axe":1,"minecraft:enchanted_book":12,"minecraft:jungle_slab":12,"minecraft:bread":107,"minecraft:air":0,"minecraft:jungle_planks":634,"minecraft:jungle_door":3,"minecraft:white_wool":247,"minecraft:iron_shovel":3,"minecraft:iron_leggings":2,"minecraft:acacia_planks":36,"minecraft:torch":184},"minecraft:mined":{"minecraft:farmland":1,"minecraft:cobblestone_stairs":5,"minecraft:jungle_leaves":22,"minecraft:obsidian":12,"minecraft:granite":1,"minecraft:cave_vines_plant":9,"minecraft:acacia_log":4,"minecraft:grass_block":144,"minecraft:jungle_log":99,"minecraft:light_gray_bed":2,"minecraft:hopper":3,"minecraft:composter":6,"minecraft:magma_block":9,"minecraft:barrel":13,"minecraft:fire":5,"minecraft:iron_ore":305,"minecraft:cobbled_deepslate":10,"minecraft:moss_carpet":4,"minecraft:deepslate_lapis_ore":9,"minecraft:brown_bed":2,"minecraft:cave_vines":8,"minecraft:dirt_path":51,"minecraft:azalea":13,"minecraft:tripwire":5,"minecraft:jungle_trapdoor":5,"minecraft:jungle_door":28,"minecraft:blackstone":31,"minecraft:smoker":3,"minecraft:clay":298,"minecraft:torch":93,"minecraft:jungle_stairs":1,"minecraft:melon":28,"minecraft:chest":2,"minecraft:cobblestone":411,"minecraft:grindstone":2,"minecraft:wall_torch":106,"minecraft:jungle_wood":4,"minecraft:mud":1,"minecraft:wheat":524,"minecraft:light_gray_wool":10,"minecraft:grass":617,"minecraft:oak_log":7,"minecraft:acacia_fence":2,"minecraft:sand":6,"minecraft:dirt":176,"minecraft:tripwire_hook":1,"minecraft:netherrack":4,"minecraft:oak_leaves":27,"minecraft:deepslate":113,"minecraft:diamond_ore":5,"minecraft:crying_obsidian":3,"minecraft:tuff":18,"minecraft:deepslate_diamond_ore":23,"minecraft:glow_lichen":2,"minecraft:decorated_pot":1,"minecraft:jungle_planks":8,"minecraft:acacia_slab":3,"minecraft:moss_block":110,"minecraft:cartography_table":1,"minecraft:spore_blossom":1,"minecraft:carrots":29,"minecraft:acacia_trapdoor":7,"minecraft:bell":1,"minecraft:bookshelf":26,"minecraft:potatoes":309,"minecraft:vine":74,"minecraft:deepslate_iron_ore":31,"minecraft:cobblestone_slab":33,"minecraft:bamboo":15,"minecraft:stone":4007,"minecraft:acacia_leaves":7,"minecraft:flowering_azalea":2,"minecraft:basalt":6,"minecraft:oak_fence":4,"minecraft:crafting_table":3,"minecraft:lectern":123,"minecraft:tall_grass":75,"minecraft:copper_ore":23,"minecraft:lapis_ore":29,"minecraft:deepslate_gold_ore":16,"minecraft:coarse_dirt":4,"minecraft:redstone_torch":1,"minecraft:jungle_fence":1,"minecraft:coal_ore":245,"minecraft:gravel":140,"minecraft:acacia_door":1,"minecraft:cobweb":163,"minecraft:acacia_planks":4,"minecraft:small_dripleaf":1,"minecraft:gold_ore":11,"minecraft:jungle_wall_sign":1,"minecraft:fern":172},"minecraft:custom":{"minecraft:interact_with_crafting_table":97,"minecraft:open_barrel":4,"minecraft:bell_ring":2,"minecraft:leave_game":14,"minecraft:time_since_death":646882,"minecraft:sprint_one_cm":2896842,"minecraft:damage_blocked_by_shield":300,"minecraft:drop":369,"minecraft:talked_to_villager":585,"minecraft:play_time":1012795,"minecraft:deaths":9,"minecraft:jump":8684,"minecraft:walk_on_water_one_cm":230857,"minecraft:enchant_item":3,"minecraft:interact_with_furnace":98,"minecraft:traded_with_villager":688,"minecraft:interact_with_cartography_table":1,"minecraft:interact_with_loom":1,"minecraft:sleep_in_bed":30,"minecraft:damage_dealt":45537,"minecraft:crouch_one_cm":8954,"minecraft:interact_with_smoker":1,"minecraft:interact_with_smithing_table":2,"minecraft:interact_with_anvil":16,"minecraft:mob_kills":175,"minecraft:climb_one_cm":38746,"minecraft:walk_one_cm":3967662,"minecraft:sneak_time":5414,"minecraft:walk_under_water_one_cm":117701,"minecraft:boat_one_cm":626912,"minecraft:interact_with_blast_furnace":1,"minecraft:total_world_time":1012795,"minecraft:interact_with_stonecutter":1,"minecraft:interact_with_grindstone":1,"minecraft:time_since_rest":41064,"minecraft:damage_taken":11669,"minecraft:swim_one_cm":252232,"minecraft:fly_one_cm":1277478,"minecraft:open_chest":353,"minecraft:fall_one_cm":142168},"minecraft:used":{"minecraft:moss_block":7,"minecraft:moss_carpet":1,"minecraft:iron_shovel":581,"minecraft:chest":10,"minecraft:shield":52,"minecraft:iron_sword":184,"minecraft:bell":1,"minecraft:jungle_planks":29,"minecraft:carrot":69,"minecraft:tuff":4,"minecraft:axolotl_bucket":1,"minecraft:obsidian":5,"minecraft:lava_bucket":1,"minecraft:magma_block":1,"minecraft:furnace":1,"minecraft:acacia_fence":2,"minecraft:potato":393,"minecraft:stone_pickaxe":526,"minecraft:ender_pearl":3,"minecraft:wooden_pickaxe":26,"minecraft:composter":4,"minecraft:diamond_axe":683,"minecraft:jungle_boat":28,"minecraft:shears":4,"minecraft:lever":1,"minecraft:bread":38,"minecraft:melon_slice":122,"minecraft:string":13,"minecraft:lectern":122,"minecraft:gravel":25,"minecraft:jungle_sign":74,"minecraft:diamond_sword":36,"minecraft:enchanting_table":1,"minecraft:stone_sword":101,"minecraft:flint_and_steel":9,"minecraft:stone_shovel":266,"minecraft:stone_hoe":577,"minecraft:netherrack":2,"minecraft:torch":457,"minecraft:dirt":244,"minecraft:hopper":6,"minecraft:jungle_trapdoor":10,"minecraft:bookshelf":35,"minecraft:iron_axe":517,"minecraft:barrel":15,"minecraft:tripwire_hook":3,"minecraft:cooked_beef":2,"minecraft:acacia_planks":2,"minecraft:cobbled_deepslate":48,"minecraft:light_gray_bed":3,"minecraft:brown_bed":1,"minecraft:wheat_seeds":940,"minecraft:acacia_boat":24,"minecraft:water_bucket":67,"minecraft:cobblestone_stairs":19,"minecraft:baked_potato":151,"minecraft:cobblestone_slab":7,"minecraft:crafting_table":4,"minecraft:diamond_pickaxe":2588,"minecraft:iron_pickaxe":2383,"minecraft:jungle_stairs":3,"minecraft:stone_axe":321,"minecraft:cobblestone":1291,"minecraft:cooked_porkchop":9,"minecraft:jungle_door":29,"minecraft:bucket":69}},"DataVersion":3465}