{"stats":{"minecraft:dropped":{"minecraft:moss_block":12,"minecraft:wheat_seeds":82,"minecraft:poisonous_potato":2,"minecraft:cobblestone":683,"minecraft:glow_berries":5,"minecraft:jungle_planks":1,"minecraft:dirt":2,"minecraft:torch":10,"minecraft:melon_slice":1,"minecraft:jungle_sapling":6,"minecraft:flowering_azalea":4,"minecraft:iron_axe":1,"minecraft:sand":6,"minecraft:iron_pickaxe":1,"minecraft:string":5,"minecraft:bone":1,"minecraft:gravel":31,"minecraft:stone_axe":1,"minecraft:moss_carpet":116,"minecraft:cobbled_deepslate":4,"minecraft:cocoa_beans":15,"minecraft:rotten_flesh":15,"minecraft:light_gray_wool":20,"minecraft:clay_ball":125,"minecraft:big_dripleaf":1,"minecraft:potato":1,"minecraft:azalea":4,"minecraft:oak_sapling":1,"minecraft:spider_eye":2,"minecraft:bamboo":158,"minecraft:basalt":2,"minecraft:wooden_pickaxe":1,"minecraft:arrow":2},"minecraft:used":{"minecraft:moss_block":7,"minecraft:moss_carpet":1,"minecraft:stone_sword":101,"minecraft:stone_shovel":266,"minecraft:chest":2,"minecraft:stone_hoe":574,"minecraft:torch":119,"minecraft:dirt":174,"minecraft:jungle_planks":29,"minecraft:axolotl_bucket":1,"minecraft:lava_bucket":1,"minecraft:iron_axe":275,"minecraft:furnace":1,"minecraft:cooked_beef":2,"minecraft:potato":155,"minecraft:cobbled_deepslate":6,"minecraft:light_gray_bed":2,"minecraft:wheat_seeds":268,"minecraft:water_bucket":6,"minecraft:stone_pickaxe":526,"minecraft:baked_potato":5,"minecraft:wooden_pickaxe":26,"minecraft:crafting_table":4,"minecraft:bread":11,"minecraft:iron_pickaxe":1415,"minecraft:melon_slice":122,"minecraft:jungle_stairs":3,"minecraft:gravel":7,"minecraft:stone_axe":321,"minecraft:cobblestone":228,"minecraft:cooked_porkchop":9,"minecraft:bucket":8},"minecraft:picked_up":{"minecraft:cocoa_beans":30,"minecraft:crafting_table":2,"minecraft:wheat":135,"minecraft:chicken":4,"minecraft:clay_ball":313,"minecraft:brick":12,"minecraft:string":41,"minecraft:moss_carpet":166,"minecraft:raw_copper":103,"minecraft:iron_axe":3,"minecraft:blackstone":16,"minecraft:cobbled_deepslate":22,"minecraft:bucket":1,"minecraft:beef":4,"minecraft:redstone_torch":1,"minecraft:jungle_sapling":8,"minecraft:azalea":12,"minecraft:iron_pickaxe":3,"minecraft:light_gray_wool":40,"minecraft:melon_slice":154,"minecraft:egg":2,"minecraft:stick":49,"minecraft:raw_iron":150,"minecraft:big_dripleaf":1,"minecraft:torch":129,"minecraft:acacia_log":2,"minecraft:porkchop":20,"minecraft:stone_sword":2,"minecraft:arrow":37,"minecraft:light_gray_bed":3,"minecraft:rotten_flesh":42,"minecraft:stone_shovel":1,"minecraft:jungle_stairs":7,"minecraft:glow_berries":5,"minecraft:cobblestone":2108,"minecraft:feather":3,"minecraft:basalt":2,"minecraft:glow_ink_sac":6,"minecraft:water_bucket":2,"minecraft:jungle_log":148,"minecraft:leather":4,"minecraft:jungle_wood":4,"minecraft:potato":230,"minecraft:flint":10,"minecraft:oak_log":7,"minecraft:danger_pottery_sherd":4,"minecraft:gunpowder":1,"minecraft:wooden_hoe":1,"minecraft:dirt":375,"minecraft:bone":19,"minecraft:apple":6,"minecraft:wheat_seeds":573,"minecraft:raw_gold":5,"minecraft:iron_ingot":5,"minecraft:bamboo":158,"minecraft:moss_block":154,"minecraft:stone_hoe":1,"minecraft:flowering_azalea":18,"minecraft:poisonous_potato":2,"minecraft:gravel":77,"minecraft:sand":6,"minecraft:jungle_planks":70,"minecraft:spider_eye":6,"minecraft:diamond":16,"minecraft:stone_axe":4,"minecraft:crossbow":3,"minecraft:oak_sapling":2,"minecraft:coal":118},"minecraft:killed":{"minecraft:spider":6,"minecraft:skeleton":11,"minecraft:chicken":2,"minecraft:pig":4,"minecraft:zombie_villager":1,"minecraft:pillager":1,"minecraft:zombie":34,"minecraft:cow":1},"minecraft:broken":{"minecraft:stone_sword":1,"minecraft:stone_hoe":1,"minecraft:stone_pickaxe":4,"minecraft:stone_axe":1,"minecraft:iron_pickaxe":5,"minecraft:stone_shovel":1},"minecraft:crafted":{"minecraft:oak_planks":28,"minecraft:stone_shovel":2,"minecraft:cooked_chicken":2,"minecraft:furnace":1,"minecraft:iron_axe":2,"minecraft:stone_pickaxe":5,"minecraft:chest":2,"minecraft:stone_hoe":2,"minecraft:cooked_beef":2,"minecraft:cooked_porkchop":10,"minecraft:crafting_table":2,"minecraft:wooden_pickaxe":1,"minecraft:baked_potato":17,"minecraft:bucket":1,"minecraft:stone_axe":1,"minecraft:bread":44,"minecraft:air":0,"minecraft:jungle_planks":170,"minecraft:light_gray_bed":1,"minecraft:stick":70,"minecraft:iron_ingot":150,"minecraft:iron_pickaxe":7,"minecraft:stone_sword":1,"minecraft:gold_ingot":1,"minecraft:acacia_planks":8,"minecraft:torch":8},"minecraft:custom":{"minecraft:interact_with_smithing_table":1,"minecraft:mob_kills":61,"minecraft:interact_with_crafting_table":34,"minecraft:leave_game":10,"minecraft:time_since_death":141222,"minecraft:climb_one_cm":19551,"minecraft:sprint_one_cm":846831,"minecraft:walk_one_cm":1345152,"minecraft:drop":70,"minecraft:talked_to_villager":1,"minecraft:sneak_time":1028,"minecraft:play_time":336272,"minecraft:deaths":3,"minecraft:walk_under_water_one_cm":23164,"minecraft:jump":3379,"minecraft:walk_on_water_one_cm":55598,"minecraft:total_world_time":336272,"minecraft:interact_with_furnace":53,"minecraft:sleep_in_bed":3,"minecraft:time_since_rest":130690,"minecraft:damage_taken":4045,"minecraft:damage_dealt":11586,"minecraft:swim_one_cm":66099,"minecraft:fly_one_cm":791172,"minecraft:open_chest":71,"minecraft:crouch_one_cm":1140,"minecraft:interact_with_smoker":1,"minecraft:fall_one_cm":48652},"minecraft:killed_by":{"minecraft:enderman":1,"minecraft:skeleton":2},"minecraft:mined":{"minecraft:farmland":1,"minecraft:deepslate_diamond_ore":16,"minecraft:jungle_leaves":14,"minecraft:cave_vines_plant":4,"minecraft:glow_lichen":1,"minecraft:acacia_log":2,"minecraft:grass_block":117,"minecraft:decorated_pot":1,"minecraft:jungle_planks":2,"minecraft:jungle_log":31,"minecraft:light_gray_bed":1,"minecraft:moss_block":47,"minecraft:fire":4,"minecraft:iron_ore":133,"minecraft:cobbled_deepslate":5,"minecraft:moss_carpet":3,"minecraft:deepslate_iron_ore":2,"minecraft:vine":39,"minecraft:dirt_path":1,"minecraft:potatoes":70,"minecraft:cave_vines":1,"minecraft:bamboo":15,"minecraft:azalea":4,"minecraft:stone":1634,"minecraft:acacia_leaves":7,"minecraft:flowering_azalea":1,"minecraft:blackstone":6,"minecraft:basalt":1,"minecraft:clay":22,"minecraft:crafting_table":2,"minecraft:torch":16,"minecraft:jungle_stairs":1,"minecraft:melon":28,"minecraft:tall_grass":68,"minecraft:copper_ore":12,"minecraft:cobblestone":8,"minecraft:deepslate_gold_ore":1,"minecraft:wall_torch":25,"minecraft:jungle_wood":4,"minecraft:redstone_torch":1,"minecraft:wheat":179,"minecraft:light_gray_wool":10,"minecraft:grass":545,"minecraft:oak_log":7,"minecraft:coal_ore":86,"minecraft:gravel":49,"minecraft:sand":6,"minecraft:dirt":135,"minecraft:cobweb":33,"minecraft:small_dripleaf":1,"minecraft:gold_ore":1,"minecraft:oak_leaves":24,"minecraft:deepslate":8,"minecraft:fern":143}},"DataVersion":3465}