{"stats":{"minecraft:killed":{"minecraft:cave_spider":326,"minecraft:spider":8,"minecraft:skeleton":24,"minecraft:chicken":2,"minecraft:pig":4,"minecraft:zombie_villager":1,"minecraft:iron_golem":20,"minecraft:pillager":1,"minecraft:zombie":59,"minecraft:cow":1,"minecraft:villager":3},"minecraft:killed_by":{"minecraft:cave_spider":1,"minecraft:zombie":1,"minecraft:enderman":6,"minecraft:skeleton":2},"minecraft:picked_up":{"minecraft:wooden_axe":1,"minecraft:wheat":475,"minecraft:diamond_sword":1,"minecraft:smithing_table":2,"minecraft:brown_bed":1,"minecraft:enchanted_book":3,"minecraft:string":23592,"minecraft:raw_copper":196,"minecraft:cobbled_deepslate":164,"bosses_of_mass_destruction:soul_star":4,"minecraft:bucket":3,"minecraft:redstone_torch":1,"minecraft:cobblestone_slab":49,"minecraft:azalea":32,"minecraft:iron_pickaxe":9,"minecraft:melon_slice":154,"minecraft:iron_boots":1,"minecraft:stick":241,"minecraft:jungle_door":29,"minecraft:acacia_fence":2,"minecraft:composter":5,"minecraft:big_dripleaf":2,"minecraft:oak_fence":4,"minecraft:torch":416,"minecraft:acacia_log":4,"minecraft:porkchop":20,"minecraft:golden_axe":1,"minecraft:stone_sword":3,"minecraft:light_gray_bed":4,"minecraft:rotten_flesh":72,"minecraft:tropical_fish":5,"minecraft:obsidian":12,"minecraft:cobblestone":6418,"minecraft:magma_block":7,"minecraft:feather":3,"minecraft:water_bucket":7,"minecraft:jungle_log":242,"minecraft:jungle_wood":4,"minecraft:smoker":3,"minecraft:potato":1210,"minecraft:flint":23,"minecraft:tuff":15,"minecraft:danger_pottery_sherd":4,"minecraft:acacia_boat":25,"minecraft:lapis_lazuli":379,"minecraft:dirt":817,"minecraft:bone":35,"minecraft:acacia_planks":6,"minecraft:bow":2,"minecraft:wheat_seeds":2112,"minecraft:raw_gold":30,"minecraft:bell":1,"minecraft:grindstone":2,"minecraft:bamboo":160,"minecraft:moss_block":245,"minecraft:stone_hoe":6,"minecraft:cooked_porkchop":5,"minecraft:poisonous_potato":2,"minecraft:jungle_planks":186,"minecraft:sand":6,"minecraft:jungle_slab":7,"minecraft:barrel":14,"minecraft:diamond":28,"minecraft:crossbow":3,"minecraft:granite":1,"minecraft:bone_meal":39,"minecraft:bread":124,"minecraft:emerald":157,"minecraft:oak_sapling":15,"minecraft:netherrack":2,"minecraft:diamond_pickaxe":2,"minecraft:cocoa_beans":30,"minecraft:mud":1,"minecraft:coarse_dirt":4,"minecraft:crafting_table":3,"minecraft:chicken":4,"minecraft:clay_ball":1589,"minecraft:brown_mushroom":4,"minecraft:shield":3,"minecraft:brick":12,"minecraft:jungle_trapdoor":17,"minecraft:moss_carpet":173,"minecraft:iron_axe":11,"minecraft:acacia_door":2,"minecraft:iron_shovel":1,"minecraft:blackstone":188,"minecraft:cartography_table":1,"minecraft:beef":4,"minecraft:jungle_sapling":9,"minecraft:poppy":14,"minecraft:light_gray_wool":40,"minecraft:lectern":123,"minecraft:chest":2,"minecraft:egg":2,"minecraft:raw_iron":359,"minecraft:carrot":224,"minecraft:jungle_sign":27,"minecraft:arrow":70,"minecraft:stone_shovel":7,"minecraft:jungle_stairs":7,"minecraft:glow_berries":6,"minecraft:jungle_boat":29,"minecraft:basalt":2,"minecraft:glow_ink_sac":6,"minecraft:tripwire_hook":1,"minecraft:leather":4,"minecraft:jungle_fence":1,"minecraft:red_mushroom":2,"minecraft:oak_log":7,"minecraft:golden_boots":3,"minecraft:gunpowder":1,"minecraft:cobblestone_stairs":11,"minecraft:wooden_hoe":1,"minecraft:apple":6,"minecraft:acacia_trapdoor":4,"minecraft:spore_blossom":4,"minecraft:iron_ingot":108,"minecraft:stone_pickaxe":3,"minecraft:acacia_sapling":15,"minecraft:iron_sword":1,"minecraft:flowering_azalea":33,"minecraft:book":80,"minecraft:gravel":190,"minecraft:crying_obsidian":3,"minecraft:spider_eye":191,"minecraft:stone_axe":4,"minecraft:iron_helmet":1,"minecraft:diamond_axe":4,"minecraft:baked_potato":350,"minecraft:acacia_slab":5,"minecraft:coal":269,"minecraft:hopper":3,"minecraft:ender_pearl":4},"minecraft:dropped":{"minecraft:moss_block":171,"minecraft:brown_mushroom":4,"minecraft:diamond_axe":3,"minecraft:baked_potato":37,"minecraft:spore_blossom":3,"minecraft:jungle_fence":1,"minecraft:glow_berries":6,"minecraft:jungle_planks":19,"minecraft:red_mushroom":2,"minecraft:cobblestone_stairs":2,"minecraft:emerald":63,"minecraft:flint":1,"minecraft:dirt":51,"minecraft:jungle_sapling":12,"minecraft:jungle_sign":8,"minecraft:sand":6,"minecraft:iron_pickaxe":1,"minecraft:acacia_door":1,"minecraft:bone":1,"minecraft:gravel":148,"minecraft:stone_axe":1,"minecraft:blackstone":40,"minecraft:cobbled_deepslate":78,"minecraft:wheat":14,"minecraft:rotten_flesh":30,"minecraft:grindstone":1,"minecraft:jungle_trapdoor":8,"minecraft:carrot":85,"minecraft:poppy":14,"minecraft:charcoal":3,"minecraft:acacia_slab":5,"minecraft:azalea":36,"minecraft:acacia_sapling":16,"minecraft:basalt":2,"minecraft:arrow":26,"minecraft:egg":3,"minecraft:bread":1,"minecraft:stone_hoe":1,"minecraft:golden_boots":2,"minecraft:wheat_seeds":845,"minecraft:smithing_table":2,"minecraft:poisonous_potato":2,"minecraft:oak_fence":4,"minecraft:cobblestone":2788,"minecraft:golden_axe":1,"minecraft:granite":1,"minecraft:acacia_log":1,"minecraft:acacia_trapdoor":4,"minecraft:stick":1,"minecraft:jungle_slab":12,"minecraft:torch":50,"minecraft:wooden_axe":1,"minecraft:melon_slice":1,"minecraft:iron_leggings":1,"minecraft:flowering_azalea":14,"minecraft:iron_axe":3,"minecraft:mud":1,"minecraft:iron_shovel":1,"minecraft:string":300,"minecraft:acacia_planks":7,"minecraft:moss_carpet":123,"minecraft:coarse_dirt":4,"minecraft:stone_sword":1,"minecraft:cocoa_beans":15,"minecraft:tuff":11,"minecraft:composter":2,"minecraft:stone_shovel":1,"minecraft:light_gray_wool":20,"minecraft:clay_ball":1537,"minecraft:iron_boots":1,"minecraft:big_dripleaf":2,"minecraft:potato":2,"minecraft:cobblestone_slab":34,"minecraft:shield":1,"minecraft:diamond_pickaxe":1,"minecraft:iron_chestplate":1,"minecraft:oak_sapling":7,"minecraft:redstone_torch":1,"minecraft:spider_eye":11,"minecraft:bamboo":159,"minecraft:bow":1,"minecraft:stone_pickaxe":1,"minecraft:wooden_pickaxe":1},"minecraft:broken":{"minecraft:iron_shovel":1,"minecraft:iron_boots":1,"minecraft:iron_chestplate":1,"minecraft:iron_leggings":1,"minecraft:stone_pickaxe":4,"minecraft:stone_axe":1,"minecraft:iron_sword":1,"minecraft:stone_shovel":1,"minecraft:stone_sword":1,"minecraft:stone_hoe":1,"minecraft:iron_axe":1,"minecraft:iron_pickaxe":9,"minecraft:iron_helmet":2},"minecraft:crafted":{"minecraft:oak_planks":124,"minecraft:cobblestone_slab":6,"minecraft:barrel":2,"minecraft:cooked_chicken":2,"minecraft:cobblestone_stairs":48,"minecraft:lever":1,"minecraft:bookshelf":35,"minecraft:hopper":3,"minecraft:iron_boots":3,"minecraft:chest":19,"minecraft:stone_hoe":2,"minecraft:emerald":796,"minecraft:cooked_porkchop":10,"minecraft:diamond_axe":1,"minecraft:crafting_table":2,"minecraft:jungle_boat":2,"minecraft:acacia_slab":48,"minecraft:iron_helmet":3,"minecraft:wooden_pickaxe":1,"minecraft:baked_potato":391,"minecraft:copper_ingot":44,"minecraft:light_gray_bed":1,"minecraft:iron_chestplate":3,"minecraft:diamond_pickaxe":1,"minecraft:shield":1,"minecraft:stick":206,"minecraft:iron_ingot":349,"minecraft:iron_pickaxe":12,"minecraft:stone_sword":1,"minecraft:gold_ingot":26,"minecraft:composter":2,"minecraft:shears":1,"minecraft:jungle_sign":63,"minecraft:stone_shovel":2,"minecraft:fishing_rod":3,"minecraft:tripwire_hook":2,"minecraft:furnace":1,"minecraft:jungle_trapdoor":12,"minecraft:bone_meal":75,"minecraft:flint_and_steel":1,"minecraft:iron_axe":4,"minecraft:stone_pickaxe":5,"minecraft:cooked_beef":2,"minecraft:diamond_sword":1,"minecraft:enchanting_table":1,"minecraft:iron_sword":1,"minecraft:bucket":2,"minecraft:stone_axe":1,"minecraft:enchanted_book":14,"minecraft:jungle_slab":12,"minecraft:bread":126,"minecraft:air":0,"minecraft:jungle_planks":634,"minecraft:jungle_door":6,"minecraft:white_wool":247,"minecraft:iron_shovel":3,"minecraft:iron_leggings":3,"minecraft:acacia_planks":36,"minecraft:torch":256},"minecraft:mined":{"minecraft:farmland":1,"minecraft:jungle_slab":4,"minecraft:cobblestone_stairs":9,"minecraft:jungle_leaves":22,"minecraft:obsidian":12,"minecraft:granite":1,"minecraft:cave_vines_plant":9,"minecraft:acacia_log":4,"minecraft:grass_block":144,"minecraft:jungle_log":99,"minecraft:light_gray_bed":2,"minecraft:hopper":3,"minecraft:composter":6,"minecraft:magma_block":9,"minecraft:barrel":13,"minecraft:fire":5,"minecraft:iron_ore":305,"minecraft:cobbled_deepslate":12,"minecraft:moss_carpet":4,"minecraft:deepslate_lapis_ore":17,"minecraft:brown_bed":2,"minecraft:cave_vines":14,"minecraft:dirt_path":51,"minecraft:azalea":21,"minecraft:tripwire":5,"minecraft:jungle_trapdoor":15,"minecraft:jungle_door":28,"minecraft:blackstone":34,"minecraft:smoker":3,"minecraft:clay":301,"minecraft:torch":94,"minecraft:jungle_stairs":1,"minecraft:melon":28,"minecraft:chest":2,"minecraft:cobblestone":544,"minecraft:grindstone":2,"minecraft:wall_torch":131,"minecraft:jungle_wood":4,"minecraft:mud":1,"minecraft:wheat":584,"minecraft:light_gray_wool":10,"minecraft:grass":622,"minecraft:oak_log":7,"minecraft:acacia_fence":2,"minecraft:sand":6,"minecraft:dirt":176,"minecraft:tripwire_hook":1,"minecraft:netherrack":4,"minecraft:oak_leaves":27,"minecraft:deepslate":123,"minecraft:diamond_ore":5,"minecraft:crying_obsidian":3,"minecraft:tuff":18,"minecraft:deepslate_diamond_ore":23,"minecraft:glow_lichen":2,"minecraft:decorated_pot":1,"minecraft:jungle_planks":15,"minecraft:acacia_slab":3,"minecraft:moss_block":122,"minecraft:cartography_table":1,"minecraft:spore_blossom":1,"minecraft:carrots":49,"minecraft:acacia_trapdoor":7,"minecraft:bell":1,"minecraft:bookshelf":26,"minecraft:potatoes":389,"minecraft:vine":74,"minecraft:deepslate_iron_ore":34,"minecraft:cobblestone_slab":42,"minecraft:bamboo":15,"minecraft:stone":4082,"minecraft:acacia_leaves":7,"minecraft:flowering_azalea":8,"minecraft:basalt":6,"minecraft:oak_fence":4,"minecraft:crafting_table":3,"minecraft:lectern":123,"minecraft:tall_grass":75,"minecraft:copper_ore":23,"minecraft:lapis_ore":29,"minecraft:deepslate_gold_ore":16,"minecraft:coarse_dirt":4,"minecraft:redstone_torch":1,"minecraft:jungle_fence":1,"minecraft:coal_ore":245,"minecraft:gravel":141,"minecraft:acacia_door":1,"minecraft:cobweb":163,"minecraft:acacia_planks":4,"minecraft:small_dripleaf":1,"minecraft:gold_ore":11,"minecraft:jungle_wall_sign":1,"minecraft:fern":172},"minecraft:custom":{"minecraft:interact_with_crafting_table":105,"minecraft:open_barrel":8,"minecraft:bell_ring":2,"minecraft:leave_game":14,"minecraft:time_since_death":63232,"minecraft:sprint_one_cm":3237984,"minecraft:damage_blocked_by_shield":1960,"minecraft:drop":394,"minecraft:talked_to_villager":636,"minecraft:play_time":1150795,"minecraft:deaths":10,"minecraft:jump":9954,"minecraft:walk_on_water_one_cm":280393,"minecraft:enchant_item":3,"minecraft:interact_with_furnace":104,"minecraft:traded_with_villager":832,"minecraft:interact_with_cartography_table":1,"minecraft:interact_with_loom":1,"minecraft:sleep_in_bed":31,"minecraft:damage_dealt":74620,"minecraft:crouch_one_cm":48195,"minecraft:interact_with_smoker":1,"minecraft:interact_with_smithing_table":2,"minecraft:interact_with_anvil":20,"minecraft:mob_kills":458,"minecraft:inspect_hopper":2,"minecraft:climb_one_cm":40463,"minecraft:walk_one_cm":4389998,"minecraft:sneak_time":24042,"minecraft:walk_under_water_one_cm":118052,"minecraft:boat_one_cm":626912,"minecraft:interact_with_blast_furnace":1,"minecraft:total_world_time":1150795,"minecraft:interact_with_stonecutter":1,"minecraft:interact_with_grindstone":1,"minecraft:time_since_rest":63264,"minecraft:damage_taken":15290,"minecraft:swim_one_cm":252232,"minecraft:fly_one_cm":1385285,"minecraft:open_chest":403,"minecraft:fall_one_cm":160586},"minecraft:used":{"minecraft:moss_block":18,"minecraft:moss_carpet":1,"minecraft:iron_shovel":581,"minecraft:chest":10,"minecraft:shield":199,"minecraft:iron_sword":184,"minecraft:bell":1,"minecraft:jungle_planks":33,"minecraft:carrot":149,"minecraft:tuff":4,"minecraft:axolotl_bucket":1,"minecraft:obsidian":5,"minecraft:lava_bucket":1,"minecraft:magma_block":1,"minecraft:furnace":1,"minecraft:acacia_fence":2,"minecraft:potato":492,"minecraft:stone_pickaxe":526,"minecraft:ender_pearl":3,"minecraft:wooden_pickaxe":26,"minecraft:composter":4,"minecraft:diamond_axe":714,"minecraft:jungle_boat":28,"minecraft:shears":4,"minecraft:lever":1,"minecraft:bread":38,"minecraft:melon_slice":122,"minecraft:string":13,"minecraft:lectern":122,"minecraft:gravel":26,"minecraft:jungle_sign":76,"minecraft:diamond_sword":556,"minecraft:azalea":8,"minecraft:enchanting_table":1,"minecraft:stone_sword":101,"minecraft:flint_and_steel":9,"minecraft:stone_shovel":266,"minecraft:stone_hoe":577,"minecraft:netherrack":2,"minecraft:torch":479,"minecraft:dirt":244,"minecraft:hopper":6,"minecraft:jungle_trapdoor":19,"minecraft:flowering_azalea":8,"minecraft:bookshelf":35,"minecraft:iron_axe":517,"minecraft:barrel":15,"minecraft:tripwire_hook":3,"minecraft:cooked_beef":2,"minecraft:acacia_planks":2,"minecraft:cobbled_deepslate":48,"minecraft:light_gray_bed":3,"minecraft:brown_bed":1,"minecraft:wheat_seeds":940,"minecraft:acacia_boat":24,"minecraft:water_bucket":77,"minecraft:cobblestone_stairs":26,"minecraft:baked_potato":220,"minecraft:cobblestone_slab":19,"minecraft:crafting_table":4,"minecraft:diamond_pickaxe":2852,"minecraft:iron_pickaxe":2383,"minecraft:jungle_stairs":3,"minecraft:stone_axe":321,"minecraft:cobblestone":1514,"minecraft:cooked_porkchop":9,"minecraft:jungle_door":29,"minecraft:bucket":79}},"DataVersion":3465}