{"stats":{"minecraft:used":{"minecraft:moss_block":7,"minecraft:moss_carpet":1,"minecraft:stone_sword":101,"minecraft:iron_shovel":18,"minecraft:stone_shovel":266,"minecraft:chest":2,"minecraft:iron_sword":115,"minecraft:stone_hoe":574,"minecraft:torch":185,"minecraft:dirt":174,"minecraft:jungle_planks":29,"minecraft:axolotl_bucket":1,"minecraft:lava_bucket":1,"minecraft:iron_axe":370,"minecraft:furnace":1,"minecraft:cooked_beef":2,"minecraft:potato":155,"minecraft:cobbled_deepslate":23,"minecraft:light_gray_bed":2,"minecraft:wheat_seeds":268,"minecraft:water_bucket":8,"minecraft:stone_pickaxe":526,"minecraft:baked_potato":28,"minecraft:ender_pearl":3,"minecraft:wooden_pickaxe":26,"minecraft:crafting_table":4,"minecraft:bread":38,"minecraft:iron_pickaxe":1689,"minecraft:melon_slice":122,"minecraft:jungle_stairs":3,"minecraft:gravel":7,"minecraft:stone_axe":321,"minecraft:cobblestone":313,"minecraft:cooked_porkchop":9,"minecraft:bucket":11},"minecraft:dropped":{"minecraft:golden_boots":2,"minecraft:moss_block":25,"minecraft:wheat_seeds":133,"minecraft:baked_potato":35,"minecraft:oak_fence":4,"minecraft:poisonous_potato":2,"minecraft:golden_axe":1,"minecraft:cobblestone":795,"minecraft:glow_berries":5,"minecraft:jungle_planks":1,"minecraft:flint":1,"minecraft:dirt":2,"minecraft:torch":50,"minecraft:melon_slice":1,"minecraft:jungle_sapling":6,"minecraft:flowering_azalea":6,"minecraft:iron_axe":3,"minecraft:sand":6,"minecraft:iron_pickaxe":1,"minecraft:string":5,"minecraft:bone":1,"minecraft:gravel":32,"minecraft:stone_axe":1,"minecraft:moss_carpet":116,"minecraft:blackstone":24,"minecraft:cobbled_deepslate":33,"minecraft:cocoa_beans":15,"minecraft:stone_shovel":1,"minecraft:rotten_flesh":21,"minecraft:light_gray_wool":20,"minecraft:clay_ball":144,"minecraft:big_dripleaf":1,"minecraft:potato":1,"minecraft:shield":1,"minecraft:azalea":12,"minecraft:oak_sapling":3,"minecraft:spider_eye":2,"minecraft:bamboo":158,"minecraft:stone_pickaxe":1,"minecraft:basalt":2,"minecraft:wooden_pickaxe":1,"minecraft:arrow":24},"minecraft:picked_up":{"minecraft:cocoa_beans":30,"minecraft:crafting_table":2,"minecraft:wheat":138,"minecraft:chicken":4,"minecraft:clay_ball":332,"minecraft:shield":2,"minecraft:brick":12,"minecraft:string":292,"minecraft:moss_carpet":166,"minecraft:raw_copper":103,"minecraft:iron_axe":11,"minecraft:blackstone":183,"minecraft:cobbled_deepslate":87,"bosses_of_mass_destruction:soul_star":4,"minecraft:bucket":1,"minecraft:beef":4,"minecraft:redstone_torch":1,"minecraft:jungle_sapling":8,"minecraft:azalea":20,"minecraft:iron_pickaxe":9,"minecraft:light_gray_wool":40,"minecraft:melon_slice":154,"minecraft:egg":2,"minecraft:stick":193,"minecraft:raw_iron":161,"minecraft:big_dripleaf":1,"minecraft:oak_fence":4,"minecraft:torch":154,"minecraft:acacia_log":2,"minecraft:porkchop":20,"minecraft:golden_axe":1,"minecraft:stone_sword":2,"minecraft:arrow":61,"minecraft:light_gray_bed":3,"minecraft:rotten_flesh":62,"minecraft:stone_shovel":7,"minecraft:jungle_stairs":7,"minecraft:glow_berries":5,"minecraft:cobblestone":3329,"minecraft:magma_block":6,"minecraft:feather":3,"minecraft:basalt":2,"minecraft:glow_ink_sac":6,"minecraft:water_bucket":7,"minecraft:jungle_log":148,"minecraft:leather":4,"minecraft:jungle_wood":4,"minecraft:potato":245,"minecraft:flint":17,"minecraft:oak_log":7,"minecraft:danger_pottery_sherd":4,"minecraft:golden_boots":3,"minecraft:gunpowder":1,"minecraft:lapis_lazuli":33,"minecraft:wooden_hoe":1,"minecraft:dirt":720,"minecraft:bone":28,"minecraft:apple":6,"minecraft:wheat_seeds":726,"minecraft:raw_gold":20,"minecraft:spore_blossom":1,"minecraft:stone_pickaxe":3,"minecraft:iron_ingot":8,"minecraft:bamboo":158,"minecraft:moss_block":171,"minecraft:stone_hoe":6,"minecraft:flowering_azalea":20,"minecraft:cooked_porkchop":5,"minecraft:poisonous_potato":2,"minecraft:gravel":78,"minecraft:sand":6,"minecraft:jungle_planks":94,"minecraft:spider_eye":10,"minecraft:diamond":21,"minecraft:stone_axe":4,"minecraft:crossbow":3,"minecraft:bread":123,"minecraft:baked_potato":295,"minecraft:oak_sapling":14,"minecraft:coal":118,"minecraft:ender_pearl":4},"minecraft:killed":{"minecraft:cave_spider":10,"minecraft:spider":6,"minecraft:skeleton":18,"minecraft:chicken":2,"minecraft:pig":4,"minecraft:zombie_villager":1,"minecraft:pillager":1,"minecraft:zombie":47,"minecraft:cow":1},"minecraft:broken":{"minecraft:stone_sword":1,"minecraft:stone_hoe":1,"minecraft:stone_pickaxe":4,"minecraft:stone_axe":1,"minecraft:iron_pickaxe":6,"minecraft:stone_shovel":1},"minecraft:crafted":{"minecraft:oak_planks":28,"minecraft:stone_shovel":2,"minecraft:cooked_chicken":2,"minecraft:furnace":1,"minecraft:iron_boots":1,"minecraft:iron_axe":2,"minecraft:stone_pickaxe":5,"minecraft:chest":2,"minecraft:stone_hoe":2,"minecraft:cooked_beef":2,"minecraft:cooked_porkchop":10,"minecraft:crafting_table":2,"minecraft:iron_helmet":1,"minecraft:wooden_pickaxe":1,"minecraft:baked_potato":81,"minecraft:iron_sword":1,"minecraft:bucket":1,"minecraft:stone_axe":1,"minecraft:bread":44,"minecraft:air":0,"minecraft:jungle_planks":206,"minecraft:light_gray_bed":1,"minecraft:iron_chestplate":1,"minecraft:shield":1,"minecraft:stick":126,"minecraft:iron_ingot":158,"minecraft:iron_pickaxe":9,"minecraft:stone_sword":1,"minecraft:iron_shovel":1,"minecraft:iron_leggings":1,"minecraft:gold_ingot":1,"minecraft:acacia_planks":8,"minecraft:torch":84},"minecraft:custom":{"minecraft:interact_with_smithing_table":1,"minecraft:mob_kills":93,"minecraft:interact_with_crafting_table":43,"minecraft:leave_game":10,"minecraft:time_since_death":42359,"minecraft:climb_one_cm":20552,"minecraft:sprint_one_cm":1152575,"minecraft:walk_one_cm":1694444,"minecraft:drop":96,"minecraft:talked_to_villager":1,"minecraft:sneak_time":2167,"minecraft:play_time":408272,"minecraft:deaths":9,"minecraft:walk_under_water_one_cm":24931,"minecraft:jump":4235,"minecraft:walk_on_water_one_cm":61877,"minecraft:total_world_time":408272,"minecraft:interact_with_furnace":58,"minecraft:sleep_in_bed":3,"minecraft:time_since_rest":42389,"minecraft:damage_taken":7888,"minecraft:damage_dealt":16792,"minecraft:swim_one_cm":70101,"minecraft:fly_one_cm":850761,"minecraft:open_chest":91,"minecraft:crouch_one_cm":4568,"minecraft:interact_with_smoker":1,"minecraft:fall_one_cm":65676},"minecraft:killed_by":{"minecraft:enderman":6,"minecraft:skeleton":2,"minecraft:zombie":1},"minecraft:mined":{"minecraft:tuff":1,"minecraft:farmland":1,"minecraft:deepslate_diamond_ore":21,"minecraft:jungle_leaves":14,"minecraft:cave_vines_plant":5,"minecraft:glow_lichen":1,"minecraft:acacia_log":2,"minecraft:grass_block":118,"minecraft:decorated_pot":1,"minecraft:jungle_planks":2,"minecraft:jungle_log":31,"minecraft:light_gray_bed":1,"minecraft:moss_block":66,"minecraft:spore_blossom":1,"minecraft:magma_block":7,"minecraft:fire":5,"minecraft:iron_ore":133,"minecraft:cobbled_deepslate":7,"minecraft:moss_carpet":3,"minecraft:deepslate_lapis_ore":5,"minecraft:deepslate_iron_ore":14,"minecraft:vine":39,"minecraft:dirt_path":1,"minecraft:potatoes":70,"minecraft:cave_vines":3,"minecraft:bamboo":15,"minecraft:azalea":11,"minecraft:stone":1785,"minecraft:acacia_leaves":7,"minecraft:flowering_azalea":2,"minecraft:blackstone":29,"minecraft:basalt":1,"minecraft:oak_fence":4,"minecraft:clay":23,"minecraft:crafting_table":2,"minecraft:torch":19,"minecraft:jungle_stairs":1,"minecraft:melon":28,"minecraft:tall_grass":71,"minecraft:copper_ore":12,"minecraft:cobblestone":9,"minecraft:deepslate_gold_ore":16,"minecraft:wall_torch":41,"minecraft:jungle_wood":4,"minecraft:redstone_torch":1,"minecraft:wheat":179,"minecraft:light_gray_wool":10,"minecraft:grass":547,"minecraft:oak_log":7,"minecraft:coal_ore":86,"minecraft:gravel":50,"minecraft:sand":6,"minecraft:dirt":153,"minecraft:cobweb":121,"minecraft:small_dripleaf":1,"minecraft:gold_ore":1,"minecraft:oak_leaves":24,"minecraft:deepslate":43,"minecraft:fern":143}},"DataVersion":3465}