{"stats":{"minecraft:killed_by":{"minecraft:zombie":1},"minecraft:mined":{"minecraft:jungle_wood":1,"minecraft:oak_leaves":1},"minecraft:custom":{"minecraft:jump":411,"minecraft:time_since_rest":54766,"minecraft:damage_absorbed":80,"minecraft:damage_dealt":10,"minecraft:damage_taken":390,"minecraft:leave_game":6,"minecraft:sprint_one_cm":55107,"minecraft:play_time":66601,"minecraft:walk_one_cm":75442,"minecraft:time_since_death":54528,"minecraft:deaths":1,"minecraft:total_world_time":66601,"minecraft:climb_one_cm":512,"minecraft:fall_one_cm":9242,"minecraft:fly_one_cm":39418},"minecraft:picked_up":{"minecraft:rotten_flesh":2,"minecraft:jungle_log":1,"minecraft:wheat_seeds":1,"minecraft:jungle_wood":1},"minecraft:used":{"minecraft:golden_apple":4}},"DataVersion":3465}