{"stats":{"minecraft:custom":{"minecraft:jump":115,"minecraft:time_since_rest":10709,"minecraft:leave_game":4,"minecraft:sprint_one_cm":26794,"minecraft:play_time":10709,"minecraft:damage_taken":85,"minecraft:time_since_death":10709,"minecraft:walk_one_cm":17452,"minecraft:total_world_time":10709,"minecraft:climb_one_cm":84,"minecraft:fall_one_cm":3564,"minecraft:fly_one_cm":12074},"minecraft:picked_up":{"minecraft:jungle_wood":1},"minecraft:mined":{"minecraft:jungle_wood":1}},"DataVersion":3465}