{"stats":{"minecraft:killed_by":{"creeperoverhaul:cave_creeper":1,"minecraft:cave_spider":2,"minecraft:zombie":4,"creeperoverhaul:jungle_creeper":1,"minecraft:spider":1,"creeperoverhaul:beach_creeper":1,"minecraft:enderman":3,"minecraft:iron_golem":7,"minecraft:skeleton":1},"minecraft:custom":{"minecraft:interact_with_crafting_table":223,"minecraft:open_barrel":17,"minecraft:bell_ring":5,"minecraft:leave_game":78,"minecraft:time_since_death":112503,"minecraft:sprint_one_cm":1910969,"minecraft:damage_blocked_by_shield":1541,"minecraft:drop":465,"minecraft:talked_to_villager":613,"minecraft:deaths":22,"minecraft:play_time":1200546,"minecraft:jump":19235,"minecraft:walk_on_water_one_cm":264634,"minecraft:enchant_item":4,"minecraft:interact_with_furnace":71,"minecraft:traded_with_villager":1219,"minecraft:interact_with_loom":1,"minecraft:sleep_in_bed":43,"minecraft:damage_dealt":84025,"minecraft:crouch_one_cm":164488,"minecraft:interact_with_smoker":2,"minecraft:interact_with_anvil":23,"minecraft:mob_kills":429,"minecraft:inspect_hopper":10,"minecraft:interact_with_campfire":1,"minecraft:climb_one_cm":109125,"minecraft:walk_one_cm":3945690,"minecraft:sneak_time":60541,"minecraft:walk_under_water_one_cm":68265,"minecraft:boat_one_cm":385648,"minecraft:interact_with_blast_furnace":1,"minecraft:total_world_time":1200546,"minecraft:interact_with_stonecutter":7,"minecraft:time_since_rest":112707,"minecraft:damage_taken":21417,"minecraft:swim_one_cm":179257,"minecraft:fly_one_cm":3183029,"minecraft:open_chest":519,"minecraft:fish_caught":2,"minecraft:fall_one_cm":372724},"minecraft:killed":{"minecraft:cave_spider":222,"minecraft:zombified_piglin":1,"minecraft:spider":14,"creeperoverhaul:bamboo_creeper":9,"minecraft:skeleton":33,"creeperoverhaul:cave_creeper":1,"minecraft:zombie_villager":1,"minecraft:salmon":13,"minecraft:iron_golem":24,"minecraft:sheep":4,"minecraft:trader_llama":2,"minecraft:pillager":2,"minecraft:zombie":89,"minecraft:villager":1,"minecraft:enderman":7},"minecraft:mined":{"minecraft:white_bed":11,"minecraft:oak_sapling":7,"minecraft:farmland":5,"minecraft:jungle_slab":9,"minecraft:cobblestone_stairs":13,"minecraft:jungle_leaves":91,"minecraft:obsidian":14,"minecraft:cave_vines_plant":1,"minecraft:acacia_log":37,"minecraft:grass_block":1283,"minecraft:jungle_log":288,"minecraft:composter":11,"minecraft:hopper":4,"minecraft:tall_seagrass":1,"minecraft:cobbled_deepslate":21,"minecraft:iron_ore":21,"minecraft:barrel":23,"minecraft:fire":6,"minecraft:pumpkin":1,"minecraft:moss_carpet":37,"minecraft:deepslate_lapis_ore":2,"minecraft:fletching_table":1,"minecraft:brown_bed":27,"minecraft:cave_vines":7,"minecraft:dirt_path":20,"minecraft:azalea":14,"minecraft:tripwire":1,"minecraft:jungle_trapdoor":18,"minecraft:jungle_door":4,"minecraft:blackstone":5,"minecraft:clay":101,"minecraft:torch":51,"minecraft:jungle_stairs":2,"minecraft:melon":29,"minecraft:chest":3,"minecraft:cobblestone":176,"minecraft:oak_planks":7,"minecraft:damaged_anvil":1,"minecraft:wall_torch":38,"minecraft:deepslate_copper_ore":1,"minecraft:seagrass":2,"minecraft:acacia_sapling":1,"minecraft:jungle_wood":164,"minecraft:wheat":1690,"minecraft:light_gray_wool":9,"minecraft:grass":349,"minecraft:oak_log":77,"minecraft:acacia_fence":1,"minecraft:loom":4,"minecraft:dirt":949,"minecraft:stonecutter":1,"minecraft:netherrack":3,"minecraft:oak_leaves":249,"minecraft:deepslate":942,"minecraft:tuff":1,"minecraft:deepslate_diamond_ore":7,"minecraft:glow_lichen":1,"minecraft:decorated_pot":2,"minecraft:jungle_planks":67,"minecraft:acacia_slab":3,"minecraft:moss_block":340,"minecraft:hay_block":13,"minecraft:furnace":2,"minecraft:carrots":93,"minecraft:acacia_trapdoor":3,"minecraft:acacia_wood":103,"minecraft:acacia_stairs":1,"minecraft:bell":1,"minecraft:bookshelf":4,"minecraft:potatoes":4,"minecraft:vine":331,"minecraft:deepslate_iron_ore":12,"minecraft:cobblestone_slab":37,"minecraft:lantern":2,"minecraft:bamboo_sapling":3,"minecraft:bamboo":11,"minecraft:stone":1956,"minecraft:white_wool":8,"minecraft:smithing_table":9,"minecraft:podzol":5,"minecraft:mud_brick_slab":2,"minecraft:acacia_leaves":120,"minecraft:flowering_azalea":10,"minecraft:basalt":9,"minecraft:oak_fence":3,"minecraft:crafting_table":10,"minecraft:oak_wood":2,"minecraft:lectern":114,"minecraft:tall_grass":15,"minecraft:copper_ore":18,"minecraft:deepslate_coal_ore":4,"minecraft:deepslate_gold_ore":9,"minecraft:lapis_ore":9,"minecraft:big_dripleaf":2,"minecraft:coarse_dirt":1,"minecraft:jungle_fence":1,"minecraft:coal_ore":91,"minecraft:cocoa":1,"minecraft:gravel":148,"minecraft:cobweb":7,"minecraft:acacia_planks":96,"minecraft:stone_bricks":5,"minecraft:small_dripleaf":1,"minecraft:gold_ore":5,"minecraft:fern":96},"minecraft:crafted":{"minecraft:oak_planks":192,"minecraft:jungle_fence_gate":1,"minecraft:cobblestone_slab":66,"minecraft:barrel":5,"minecraft:cobblestone_stairs":156,"minecraft:stone":96,"minecraft:bookshelf":11,"minecraft:glass":9,"minecraft:hopper":10,"minecraft:iron_boots":2,"minecraft:chest":27,"minecraft:acacia_fence":33,"minecraft:cod_bucket":7,"minecraft:jungle_stairs":36,"minecraft:stone_hoe":5,"minecraft:oak_fence":66,"minecraft:emerald":1147,"minecraft:diamond_axe":1,"minecraft:crafting_table":9,"minecraft:jungle_boat":18,"minecraft:acacia_slab":30,"minecraft:wooden_pickaxe":1,"minecraft:iron_helmet":3,"minecraft:fletching_table":1,"minecraft:campfire":36,"minecraft:light_gray_bed":4,"minecraft:lectern":2,"minecraft:wooden_hoe":1,"minecraft:iron_chestplate":1,"minecraft:charcoal":7,"minecraft:diamond_pickaxe":1,"minecraft:shield":4,"minecraft:stick":363,"minecraft:iron_ingot":13,"minecraft:iron_pickaxe":1,"minecraft:iron_block":6,"minecraft:stone_sword":3,"minecraft:acacia_door":6,"minecraft:gold_ingot":1,"minecraft:composter":2,"minecraft:jungle_sign":3,"minecraft:stone_shovel":13,"minecraft:fishing_rod":2,"minecraft:furnace":2,"minecraft:jungle_trapdoor":16,"minecraft:bone_meal":102,"minecraft:flint_and_steel":2,"minecraft:stone_pickaxe":12,"minecraft:jungle_fence":123,"minecraft:diamond_sword":1,"minecraft:iron_sword":3,"minecraft:acacia_trapdoor":22,"minecraft:cooked_salmon":8,"minecraft:bucket":3,"minecraft:acacia_stairs":8,"minecraft:stone_axe":10,"minecraft:enchanted_book":14,"minecraft:acacia_boat":5,"minecraft:jungle_slab":42,"minecraft:bread":171,"minecraft:air":0,"minecraft:jungle_planks":1360,"minecraft:oak_boat":1,"minecraft:jungle_door":3,"minecraft:wooden_axe":1,"minecraft:iron_shovel":2,"minecraft:iron_leggings":1,"minecraft:stonecutter":1,"minecraft:anvil":2,"minecraft:white_bed":9,"minecraft:acacia_planks":408,"minecraft:torch":276},"minecraft:used":{"minecraft:moss_block":106,"minecraft:moss_carpet":17,"minecraft:iron_shovel":506,"minecraft:chest":17,"minecraft:decorated_pot":1,"minecraft:shield":52,"minecraft:iron_sword":829,"minecraft:bell":1,"minecraft:rotten_flesh":57,"minecraft:jungle_planks":399,"minecraft:carrot":93,"minecraft:jungle_slab":19,"minecraft:acacia_sapling":8,"minecraft:obsidian":12,"minecraft:jungle_sapling":1,"minecraft:glass":6,"minecraft:lava_bucket":1,"minecraft:jungle_fence_gate":1,"minecraft:lantern":4,"minecraft:iron_helmet":3,"minecraft:stone_bricks":94,"minecraft:bow":29,"minecraft:furnace":4,"minecraft:oak_sapling":18,"minecraft:acacia_fence":34,"minecraft:damaged_anvil":1,"minecraft:acacia_trapdoor":10,"minecraft:stone_pickaxe":1110,"minecraft:jungle_fence":101,"minecraft:oak_planks":6,"minecraft:blackstone":2,"minecraft:ender_pearl":2,"minecraft:wooden_pickaxe":59,"minecraft:composter":9,"minecraft:diamond_axe":516,"minecraft:jungle_boat":6,"minecraft:glow_berries":27,"minecraft:white_wool":21,"minecraft:loom":2,"minecraft:acacia_door":3,"minecraft:string":2,"minecraft:bread":175,"minecraft:melon_slice":117,"minecraft:lectern":116,"minecraft:gravel":62,"minecraft:jungle_sign":1,"minecraft:diamond_sword":200,"minecraft:smithing_table":8,"minecraft:oak_boat":1,"minecraft:coarse_dirt":1,"minecraft:bone_meal":157,"minecraft:azalea":1,"minecraft:oak_fence":66,"minecraft:stone_sword":240,"minecraft:flint_and_steel":5,"minecraft:stone_shovel":1559,"minecraft:cooked_salmon":8,"minecraft:stone_hoe":417,"minecraft:cooked_chicken":2,"minecraft:netherrack":3,"minecraft:torch":250,"minecraft:dirt":1874,"minecraft:anvil":2,"minecraft:wheat":2,"minecraft:hopper":13,"minecraft:chainmail_chestplate":1,"minecraft:cod_bucket":7,"minecraft:jungle_trapdoor":25,"minecraft:wooden_axe":23,"minecraft:flowering_azalea":2,"minecraft:bookshelf":4,"minecraft:acacia_slab":6,"minecraft:barrel":27,"minecraft:bamboo":3,"minecraft:light_gray_wool":4,"minecraft:acacia_wood":3,"minecraft:acacia_planks":250,"minecraft:cobbled_deepslate":124,"minecraft:light_gray_bed":5,"minecraft:brown_bed":25,"minecraft:wheat_seeds":3276,"minecraft:acacia_boat":68,"minecraft:water_bucket":69,"minecraft:cobblestone_stairs":137,"minecraft:baked_potato":114,"minecraft:stonecutter":2,"minecraft:fletching_table":1,"minecraft:cobblestone_slab":93,"minecraft:jungle_wood":6,"minecraft:crafting_table":17,"minecraft:white_bed":18,"minecraft:oak_log":5,"minecraft:apple":4,"minecraft:wooden_hoe":6,"minecraft:diamond_pickaxe":2066,"minecraft:acacia_stairs":7,"minecraft:iron_pickaxe":252,"minecraft:jungle_stairs":27,"minecraft:golden_leggings":1,"minecraft:stone_axe":1095,"minecraft:fishing_rod":4,"minecraft:cobblestone":787,"minecraft:jungle_door":4,"minecraft:bucket":72},"minecraft:picked_up":{"minecraft:wooden_axe":2,"minecraft:iron_chestplate":9,"minecraft:wheat":1709,"minecraft:smithing_table":10,"minecraft:lead":2,"minecraft:diamond_sword":2,"minecraft:brown_bed":26,"minecraft:enchanted_book":8,"minecraft:golden_sword":6,"minecraft:string":25995,"minecraft:raw_copper":112,"minecraft:gold_nugget":3,"minecraft:cobbled_deepslate":936,"bosses_of_mass_destruction:soul_star":3,"minecraft:bucket":5,"minecraft:cobblestone_slab":51,"minecraft:azalea":35,"minecraft:iron_pickaxe":4,"minecraft:melon_slice":173,"minecraft:iron_boots":8,"minecraft:furnace":2,"minecraft:stick":408,"minecraft:jungle_door":4,"minecraft:acacia_fence":1,"minecraft:composter":9,"minecraft:big_dripleaf":2,"minecraft:oak_fence":4,"minecraft:torch":318,"minecraft:acacia_log":34,"minecraft:golden_axe":6,"minecraft:stone_sword":3,"minecraft:rotten_flesh":222,"minecraft:tropical_fish":2,"minecraft:bookshelf":10,"minecraft:obsidian":28,"minecraft:cod":2,"minecraft:cobblestone":2804,"minecraft:magma_block":18,"minecraft:water_bucket":4,"minecraft:jungle_log":453,"minecraft:golden_leggings":15,"minecraft:jungle_wood":391,"minecraft:potato":60,"minecraft:flint":12,"minecraft:tuff":1,"minecraft:acacia_boat":76,"minecraft:lapis_lazuli":126,"minecraft:dirt":2969,"minecraft:lantern":5,"minecraft:glass":18,"minecraft:bone":84,"minecraft:acacia_planks":622,"minecraft:stonecutter":1,"minecraft:bow":14,"minecraft:wheat_seeds":4743,"minecraft:raw_gold":36,"minecraft:bell":2,"minecraft:fletching_table":1,"minecraft:bamboo":213,"minecraft:moss_block":378,"minecraft:stone_hoe":10,"minecraft:oak_planks":101,"minecraft:jungle_planks":159,"minecraft:sand":9,"minecraft:grass_block":3,"minecraft:loom":2,"minecraft:acacia_stairs":9,"minecraft:jungle_slab":21,"minecraft:barrel":22,"minecraft:clay":1,"minecraft:diamond":15,"minecraft:bone_meal":56,"minecraft:bread":75,"minecraft:emerald":514,"minecraft:oak_sapling":55,"minecraft:netherrack":3,"minecraft:diamond_pickaxe":3,"minecraft:coarse_dirt":1,"minecraft:cocoa_beans":126,"minecraft:mud_brick_slab":4,"minecraft:crafting_table":11,"minecraft:clay_ball":502,"minecraft:shield":16,"minecraft:jungle_trapdoor":34,"minecraft:moss_carpet":76,"minecraft:iron_axe":2,"minecraft:acacia_door":5,"minecraft:flint_and_steel":10,"minecraft:blackstone":8,"minecraft:beef":2,"minecraft:jungle_sapling":12,"minecraft:poppy":67,"minecraft:light_gray_wool":25,"minecraft:lectern":118,"minecraft:chest":3,"minecraft:egg":7,"minecraft:raw_iron":49,"minecraft:stone":1,"minecraft:carrot":443,"minecraft:arrow":62,"minecraft:stone_shovel":10,"minecraft:decorated_pot":3,"minecraft:jungle_stairs":13,"minecraft:hay_block":26,"minecraft:saddle":1,"minecraft:glow_berries":27,"minecraft:mutton":14,"minecraft:white_wool":13,"minecraft:jungle_boat":6,"minecraft:basalt":14,"minecraft:glow_ink_sac":12,"minecraft:salmon":12,"minecraft:leather":3,"minecraft:jungle_fence":1,"minecraft:acacia_wood":235,"minecraft:oak_log":101,"minecraft:golden_boots":3,"minecraft:gunpowder":3,"minecraft:cobblestone_stairs":208,"minecraft:apple":8,"minecraft:stone_bricks":5,"minecraft:acacia_trapdoor":9,"minecraft:iron_ingot":242,"minecraft:music_disc_far":5,"minecraft:stone_pickaxe":3,"minecraft:acacia_sapling":43,"minecraft:iron_sword":8,"minecraft:flowering_azalea":27,"minecraft:book":26,"minecraft:pumpkin":1,"minecraft:gravel":172,"minecraft:white_bed":13,"minecraft:spider_eye":445,"minecraft:stone_axe":8,"minecraft:iron_helmet":6,"minecraft:diamond_axe":9,"minecraft:acacia_slab":14,"minecraft:baked_potato":257,"minecraft:damaged_anvil":1,"minecraft:coal":144,"minecraft:hopper":4,"minecraft:ender_pearl":9},"minecraft:broken":{"minecraft:iron_shovel":2,"minecraft:golden_boots":1,"minecraft:iron_boots":2,"minecraft:iron_chestplate":1,"minecraft:stone_pickaxe":7,"minecraft:stone_axe":9,"minecraft:stone_shovel":11,"minecraft:stone_sword":1,"minecraft:stone_hoe":3,"minecraft:wooden_pickaxe":1,"minecraft:iron_helmet":2},"minecraft:dropped":{"minecraft:acacia_boat":1,"minecraft:iron_sword":1,"minecraft:diamond_axe":1,"minecraft:mud_brick_slab":4,"minecraft:jungle_planks":4,"minecraft:emerald":160,"minecraft:dirt":196,"minecraft:jungle_sapling":1,"minecraft:bone_meal":21,"minecraft:blackstone":1,"minecraft:cobbled_deepslate":768,"minecraft:rotten_flesh":10,"minecraft:fern":1,"minecraft:carrot":246,"minecraft:poppy":23,"minecraft:jungle_log":27,"minecraft:azalea":3,"minecraft:acacia_sapling":16,"minecraft:glass":3,"minecraft:lectern":3,"minecraft:bread":2,"minecraft:enchanted_book":3,"minecraft:wheat_seeds":402,"minecraft:smithing_table":1,"minecraft:book":2,"minecraft:tropical_fish":2,"minecraft:coal":3,"minecraft:stick":4,"minecraft:torch":66,"minecraft:flowering_azalea":8,"minecraft:iron_axe":1,"minecraft:jungle_boat":1,"minecraft:string":134,"minecraft:moss_carpet":4,"minecraft:raw_copper":3,"minecraft:light_gray_wool":1,"minecraft:clay_ball":24,"minecraft:flower_pot":1,"minecraft:diamond_pickaxe":1,"minecraft:spider_eye":1,"minecraft:bamboo":31}},"DataVersion":3465}