{"stats":{"minecraft:dropped":{"minecraft:wheat_seeds":6,"minecraft:dirt":3,"minecraft:torch":60,"minecraft:moss_carpet":1,"minecraft:blackstone":1,"minecraft:raw_copper":3,"minecraft:bamboo":23},"minecraft:used":{"minecraft:azalea":1,"minecraft:moss_block":79,"minecraft:moss_carpet":17,"minecraft:stone_sword":163,"minecraft:iron_shovel":506,"minecraft:stone_shovel":408,"minecraft:decorated_pot":1,"minecraft:shield":26,"minecraft:chest":4,"minecraft:cooked_salmon":8,"minecraft:cooked_chicken":2,"minecraft:stone_hoe":125,"minecraft:rotten_flesh":39,"minecraft:torch":115,"minecraft:dirt":1025,"minecraft:jungle_planks":277,"minecraft:jungle_sapling":1,"minecraft:lantern":4,"minecraft:bamboo":3,"minecraft:bow":3,"minecraft:furnace":3,"minecraft:oak_sapling":17,"minecraft:light_gray_bed":3,"minecraft:wheat_seeds":186,"minecraft:acacia_boat":3,"minecraft:water_bucket":25,"minecraft:cobblestone_stairs":134,"minecraft:stone_pickaxe":1102,"minecraft:wooden_pickaxe":59,"minecraft:glow_berries":27,"minecraft:crafting_table":6,"minecraft:wooden_hoe":6,"minecraft:apple":4,"minecraft:bread":11,"minecraft:melon_slice":74,"minecraft:jungle_stairs":27,"minecraft:stone_axe":637,"minecraft:fishing_rod":4,"minecraft:cobblestone":495,"minecraft:jungle_door":4,"minecraft:bucket":27,"minecraft:coarse_dirt":1,"minecraft:bone_meal":78},"minecraft:picked_up":{"minecraft:cocoa_beans":30,"minecraft:crafting_table":5,"minecraft:coarse_dirt":1,"minecraft:wheat":84,"minecraft:clay_ball":256,"minecraft:shield":1,"minecraft:string":6,"minecraft:moss_carpet":73,"minecraft:raw_copper":11,"minecraft:blackstone":4,"minecraft:cobbled_deepslate":3,"bosses_of_mass_destruction:soul_star":1,"minecraft:azalea":30,"minecraft:jungle_sapling":10,"minecraft:light_gray_wool":16,"minecraft:melon_slice":74,"minecraft:furnace":2,"minecraft:egg":1,"minecraft:stick":98,"minecraft:raw_iron":33,"minecraft:stone":1,"minecraft:jungle_door":4,"minecraft:big_dripleaf":2,"minecraft:torch":68,"minecraft:stone_sword":2,"minecraft:arrow":13,"minecraft:rotten_flesh":60,"minecraft:stone_shovel":1,"minecraft:decorated_pot":3,"minecraft:jungle_stairs":13,"minecraft:glow_berries":27,"minecraft:cod":1,"minecraft:cobblestone":1086,"minecraft:basalt":14,"minecraft:water_bucket":2,"minecraft:glow_ink_sac":12,"minecraft:jungle_log":200,"minecraft:salmon":9,"minecraft:jungle_wood":101,"minecraft:acacia_wood":103,"minecraft:potato":1,"minecraft:flint":6,"minecraft:oak_log":9,"minecraft:cobblestone_stairs":71,"minecraft:gunpowder":2,"minecraft:acacia_boat":3,"minecraft:dirt":1066,"minecraft:lantern":5,"minecraft:bone":18,"minecraft:apple":1,"minecraft:bow":2,"minecraft:wheat_seeds":352,"minecraft:iron_ingot":2,"minecraft:stone_pickaxe":2,"minecraft:bamboo":131,"minecraft:moss_block":332,"minecraft:acacia_sapling":16,"minecraft:flowering_azalea":14,"minecraft:pumpkin":1,"minecraft:gravel":69,"minecraft:sand":9,"minecraft:jungle_planks":52,"minecraft:spider_eye":2,"minecraft:stone_axe":2,"minecraft:emerald":1,"minecraft:oak_sapling":29,"minecraft:coal":82,"minecraft:ender_pearl":1},"minecraft:killed":{"minecraft:spider":4,"creeperoverhaul:bamboo_creeper":5,"minecraft:skeleton":14,"creeperoverhaul:cave_creeper":1,"minecraft:salmon":9,"minecraft:pillager":2,"minecraft:zombie":60,"minecraft:enderman":2},"minecraft:broken":{"minecraft:iron_shovel":2,"minecraft:stone_sword":1,"minecraft:wooden_pickaxe":1,"minecraft:stone_pickaxe":7,"minecraft:stone_axe":4,"minecraft:stone_shovel":3},"minecraft:custom":{"minecraft:mob_kills":99,"minecraft:interact_with_crafting_table":82,"minecraft:interact_with_campfire":1,"minecraft:leave_game":13,"minecraft:time_since_death":89796,"minecraft:climb_one_cm":31025,"minecraft:sprint_one_cm":364414,"minecraft:walk_one_cm":1016015,"minecraft:damage_blocked_by_shield":735,"minecraft:drop":11,"minecraft:sneak_time":25339,"minecraft:deaths":5,"minecraft:play_time":293903,"minecraft:walk_under_water_one_cm":52762,"minecraft:jump":4034,"minecraft:walk_on_water_one_cm":58890,"minecraft:total_world_time":293903,"minecraft:interact_with_furnace":32,"minecraft:sleep_in_bed":6,"minecraft:time_since_rest":89831,"minecraft:damage_taken":5099,"minecraft:damage_dealt":18198,"minecraft:swim_one_cm":120751,"minecraft:fly_one_cm":507214,"minecraft:open_chest":83,"minecraft:crouch_one_cm":84145,"minecraft:fish_caught":2,"minecraft:fall_one_cm":81787},"minecraft:crafted":{"minecraft:oak_planks":36,"minecraft:stone_shovel":3,"minecraft:fishing_rod":1,"minecraft:furnace":1,"minecraft:cobblestone_stairs":156,"minecraft:bone_meal":78,"minecraft:stone_pickaxe":10,"minecraft:chest":4,"minecraft:jungle_stairs":36,"minecraft:stone_hoe":2,"minecraft:crafting_table":4,"minecraft:jungle_boat":1,"minecraft:wooden_pickaxe":1,"minecraft:cooked_salmon":8,"minecraft:bucket":2,"minecraft:stone_axe":6,"minecraft:acacia_boat":1,"minecraft:bread":14,"minecraft:air":0,"minecraft:jungle_planks":680,"minecraft:light_gray_bed":2,"minecraft:jungle_door":3,"minecraft:wooden_hoe":1,"minecraft:charcoal":7,"minecraft:shield":3,"minecraft:stick":143,"minecraft:iron_ingot":6,"minecraft:stone_sword":2,"minecraft:iron_shovel":2,"minecraft:gold_ingot":1,"minecraft:acacia_planks":216,"minecraft:torch":176},"minecraft:killed_by":{"creeperoverhaul:beach_creeper":1,"creeperoverhaul:cave_creeper":1,"minecraft:zombie":1,"creeperoverhaul:jungle_creeper":1},"minecraft:mined":{"minecraft:oak_sapling":6,"minecraft:farmland":2,"minecraft:cobblestone_stairs":13,"minecraft:jungle_leaves":70,"minecraft:cave_vines_plant":1,"minecraft:glow_lichen":1,"minecraft:grass_block":555,"minecraft:decorated_pot":2,"minecraft:jungle_planks":13,"minecraft:jungle_log":186,"minecraft:moss_block":300,"minecraft:tall_seagrass":1,"minecraft:furnace":2,"minecraft:iron_ore":21,"minecraft:acacia_wood":54,"minecraft:pumpkin":1,"minecraft:moss_carpet":35,"minecraft:vine":86,"minecraft:cave_vines":7,"minecraft:deepslate_iron_ore":6,"minecraft:lantern":2,"minecraft:bamboo_sapling":3,"minecraft:bamboo":10,"minecraft:azalea":10,"minecraft:stone":851,"minecraft:podzol":5,"minecraft:acacia_leaves":40,"minecraft:flowering_azalea":4,"minecraft:jungle_door":4,"minecraft:blackstone":3,"minecraft:basalt":9,"minecraft:clay":45,"minecraft:crafting_table":5,"minecraft:torch":13,"minecraft:jungle_stairs":2,"minecraft:melon":15,"minecraft:cobblestone":99,"minecraft:copper_ore":3,"minecraft:tall_grass":14,"minecraft:deepslate_coal_ore":4,"minecraft:wall_torch":10,"minecraft:big_dripleaf":2,"minecraft:deepslate_copper_ore":1,"minecraft:seagrass":2,"minecraft:coarse_dirt":1,"minecraft:jungle_wood":62,"minecraft:wheat":85,"minecraft:light_gray_wool":6,"minecraft:grass":158,"minecraft:oak_log":9,"minecraft:coal_ore":63,"minecraft:cocoa":1,"minecraft:gravel":61,"minecraft:dirt":485,"minecraft:small_dripleaf":1,"minecraft:oak_leaves":125,"minecraft:deepslate":3,"minecraft:fern":33}},"DataVersion":3465}