{"stats":{"minecraft:dropped":{"minecraft:wheat_seeds":14,"minecraft:mud_brick_slab":4,"minecraft:jungle_planks":4,"minecraft:dirt":3,"minecraft:torch":60,"minecraft:iron_axe":1,"minecraft:moss_carpet":1,"minecraft:blackstone":1,"minecraft:raw_copper":3,"minecraft:light_gray_wool":1,"minecraft:flower_pot":1,"minecraft:acacia_sapling":1,"minecraft:spider_eye":1,"minecraft:bamboo":31},"minecraft:used":{"minecraft:azalea":1,"minecraft:moss_block":80,"minecraft:moss_carpet":17,"minecraft:stone_sword":163,"minecraft:iron_shovel":506,"minecraft:stone_shovel":1383,"minecraft:chest":8,"minecraft:decorated_pot":1,"minecraft:shield":33,"minecraft:cooked_chicken":2,"minecraft:rotten_flesh":57,"minecraft:cooked_salmon":8,"minecraft:stone_hoe":397,"minecraft:torch":162,"minecraft:dirt":1828,"minecraft:jungle_planks":277,"minecraft:acacia_sapling":8,"minecraft:glass":6,"minecraft:jungle_sapling":1,"minecraft:lava_bucket":1,"minecraft:lantern":4,"minecraft:bamboo":3,"minecraft:bow":28,"minecraft:furnace":4,"minecraft:oak_sapling":18,"minecraft:acacia_wood":3,"minecraft:acacia_planks":148,"minecraft:light_gray_bed":5,"minecraft:wheat_seeds":857,"minecraft:acacia_boat":25,"minecraft:water_bucket":56,"minecraft:cobblestone_stairs":137,"minecraft:stone_pickaxe":1110,"minecraft:ender_pearl":2,"minecraft:wooden_pickaxe":59,"minecraft:composter":2,"minecraft:glow_berries":27,"minecraft:crafting_table":10,"minecraft:apple":4,"minecraft:wooden_hoe":6,"minecraft:acacia_stairs":2,"minecraft:acacia_door":2,"minecraft:bread":69,"minecraft:melon_slice":98,"minecraft:jungle_stairs":27,"minecraft:stone_axe":940,"minecraft:fishing_rod":4,"minecraft:cobblestone":527,"minecraft:jungle_door":4,"minecraft:bucket":59,"minecraft:oak_boat":1,"minecraft:coarse_dirt":1,"minecraft:bone_meal":78},"minecraft:picked_up":{"minecraft:cocoa_beans":30,"minecraft:coarse_dirt":1,"minecraft:mud_brick_slab":4,"minecraft:crafting_table":8,"minecraft:wheat":467,"minecraft:clay_ball":256,"minecraft:smithing_table":1,"minecraft:golden_sword":5,"minecraft:shield":7,"minecraft:string":33,"minecraft:moss_carpet":73,"minecraft:raw_copper":11,"minecraft:iron_axe":2,"minecraft:acacia_door":5,"minecraft:flint_and_steel":4,"minecraft:blackstone":4,"minecraft:cobbled_deepslate":3,"bosses_of_mass_destruction:soul_star":2,"minecraft:bucket":5,"minecraft:azalea":30,"minecraft:jungle_sapling":10,"minecraft:light_gray_wool":21,"minecraft:melon_slice":130,"minecraft:furnace":2,"minecraft:egg":1,"minecraft:raw_iron":33,"minecraft:stick":332,"minecraft:stone":1,"minecraft:jungle_door":4,"minecraft:big_dripleaf":2,"minecraft:torch":131,"minecraft:acacia_log":1,"minecraft:golden_axe":5,"minecraft:stone_shovel":6,"minecraft:arrow":44,"minecraft:rotten_flesh":167,"minecraft:stone_sword":2,"minecraft:decorated_pot":3,"minecraft:jungle_stairs":13,"minecraft:hay_block":13,"minecraft:glow_berries":27,"minecraft:mutton":6,"minecraft:cod":1,"minecraft:white_wool":3,"minecraft:cobblestone":1474,"minecraft:magma_block":18,"minecraft:basalt":14,"minecraft:glow_ink_sac":12,"minecraft:salmon":9,"minecraft:water_bucket":3,"minecraft:jungle_log":241,"minecraft:golden_leggings":5,"minecraft:jungle_wood":103,"minecraft:acacia_wood":143,"minecraft:potato":2,"minecraft:flint":8,"minecraft:oak_log":63,"minecraft:golden_boots":3,"minecraft:gunpowder":2,"minecraft:acacia_boat":29,"minecraft:cobblestone_stairs":208,"minecraft:lantern":5,"minecraft:dirt":2363,"minecraft:bone":71,"minecraft:glass":15,"minecraft:acacia_planks":351,"minecraft:apple":5,"minecraft:stonecutter":1,"minecraft:bow":12,"minecraft:wheat_seeds":1612,"minecraft:bell":1,"minecraft:music_disc_far":5,"minecraft:iron_ingot":2,"minecraft:stone_pickaxe":2,"minecraft:oak_planks":4,"minecraft:bamboo":147,"minecraft:flowering_azalea":14,"minecraft:moss_block":343,"minecraft:acacia_sapling":36,"minecraft:stone_hoe":6,"minecraft:pumpkin":1,"minecraft:gravel":121,"minecraft:jungle_planks":52,"minecraft:sand":9,"minecraft:grass_block":2,"minecraft:acacia_stairs":8,"minecraft:spider_eye":3,"minecraft:stone_axe":7,"minecraft:bread":47,"minecraft:emerald":1,"minecraft:oak_sapling":54,"minecraft:acacia_slab":12,"minecraft:coal":82,"minecraft:ender_pearl":4},"minecraft:killed":{"minecraft:spider":11,"creeperoverhaul:bamboo_creeper":5,"minecraft:skeleton":22,"creeperoverhaul:cave_creeper":1,"minecraft:salmon":9,"minecraft:sheep":3,"minecraft:pillager":2,"minecraft:zombie":80,"minecraft:enderman":4},"minecraft:broken":{"minecraft:iron_shovel":2,"minecraft:golden_boots":1,"minecraft:stone_sword":1,"minecraft:stone_hoe":3,"minecraft:wooden_pickaxe":1,"minecraft:stone_pickaxe":7,"minecraft:stone_axe":7,"minecraft:stone_shovel":10},"minecraft:custom":{"minecraft:mob_kills":141,"minecraft:interact_with_crafting_table":118,"minecraft:interact_with_campfire":1,"minecraft:leave_game":31,"minecraft:time_since_death":71509,"minecraft:climb_one_cm":56855,"minecraft:sprint_one_cm":716100,"minecraft:walk_one_cm":1917630,"minecraft:damage_blocked_by_shield":960,"minecraft:drop":26,"minecraft:talked_to_villager":2,"minecraft:deaths":11,"minecraft:play_time":493716,"minecraft:sneak_time":33590,"minecraft:walk_under_water_one_cm":56276,"minecraft:boat_one_cm":30720,"minecraft:jump":7011,"minecraft:walk_on_water_one_cm":71592,"minecraft:total_world_time":493716,"minecraft:interact_with_furnace":35,"minecraft:sleep_in_bed":9,"minecraft:time_since_rest":29780,"minecraft:damage_taken":9844,"minecraft:damage_dealt":27099,"minecraft:swim_one_cm":132791,"minecraft:fly_one_cm":1069758,"minecraft:open_chest":118,"minecraft:crouch_one_cm":115335,"minecraft:interact_with_smoker":1,"minecraft:fish_caught":2,"minecraft:fall_one_cm":131803},"minecraft:crafted":{"minecraft:oak_planks":60,"minecraft:stone_shovel":11,"minecraft:fishing_rod":1,"minecraft:furnace":2,"minecraft:cobblestone_stairs":156,"minecraft:bone_meal":78,"minecraft:glass":9,"minecraft:stone_pickaxe":12,"minecraft:chest":8,"minecraft:jungle_stairs":36,"minecraft:stone_hoe":4,"minecraft:crafting_table":6,"minecraft:jungle_boat":1,"minecraft:acacia_slab":18,"minecraft:wooden_pickaxe":1,"minecraft:cooked_salmon":8,"minecraft:bucket":2,"minecraft:acacia_stairs":4,"minecraft:stone_axe":9,"minecraft:acacia_boat":1,"minecraft:bread":91,"minecraft:air":0,"minecraft:jungle_planks":716,"minecraft:light_gray_bed":4,"minecraft:oak_boat":1,"minecraft:jungle_door":3,"minecraft:wooden_hoe":1,"minecraft:charcoal":7,"minecraft:shield":3,"minecraft:stick":147,"minecraft:iron_ingot":6,"minecraft:stone_sword":2,"minecraft:iron_shovel":2,"minecraft:acacia_door":3,"minecraft:gold_ingot":1,"minecraft:composter":2,"minecraft:acacia_planks":248,"minecraft:torch":176},"minecraft:killed_by":{"creeperoverhaul:beach_creeper":1,"minecraft:enderman":3,"creeperoverhaul:cave_creeper":1,"minecraft:zombie":4,"creeperoverhaul:jungle_creeper":1},"minecraft:mined":{"minecraft:oak_sapling":7,"minecraft:farmland":5,"minecraft:cobblestone_stairs":13,"minecraft:jungle_leaves":73,"minecraft:cave_vines_plant":1,"minecraft:glow_lichen":1,"minecraft:acacia_log":3,"minecraft:grass_block":1165,"minecraft:decorated_pot":2,"minecraft:jungle_planks":13,"minecraft:jungle_log":217,"minecraft:moss_block":300,"minecraft:hay_block":13,"minecraft:tall_seagrass":1,"minecraft:furnace":2,"minecraft:iron_ore":21,"minecraft:acacia_wood":70,"minecraft:moss_carpet":35,"minecraft:pumpkin":1,"minecraft:bell":1,"minecraft:potatoes":1,"minecraft:cave_vines":7,"minecraft:dirt_path":16,"minecraft:deepslate_iron_ore":6,"minecraft:vine":271,"minecraft:lantern":2,"minecraft:bamboo_sapling":3,"minecraft:bamboo":10,"minecraft:azalea":10,"minecraft:stone":851,"minecraft:podzol":5,"minecraft:smithing_table":1,"minecraft:mud_brick_slab":2,"minecraft:acacia_leaves":96,"minecraft:flowering_azalea":4,"minecraft:jungle_door":4,"minecraft:blackstone":3,"minecraft:basalt":9,"minecraft:clay":45,"minecraft:crafting_table":7,"minecraft:torch":21,"minecraft:jungle_stairs":2,"minecraft:oak_wood":2,"minecraft:melon":20,"minecraft:tall_grass":14,"minecraft:copper_ore":3,"minecraft:cobblestone":103,"minecraft:deepslate_coal_ore":4,"minecraft:wall_torch":11,"minecraft:big_dripleaf":2,"minecraft:deepslate_copper_ore":1,"minecraft:seagrass":2,"minecraft:coarse_dirt":1,"minecraft:acacia_sapling":1,"minecraft:jungle_wood":64,"minecraft:wheat":476,"minecraft:light_gray_wool":6,"minecraft:grass":290,"minecraft:oak_log":61,"minecraft:coal_ore":63,"minecraft:cocoa":1,"minecraft:gravel":90,"minecraft:dirt":848,"minecraft:acacia_planks":31,"minecraft:stonecutter":1,"minecraft:small_dripleaf":1,"minecraft:oak_leaves":227,"minecraft:deepslate":3,"minecraft:fern":78}},"DataVersion":3465}