{"stats":{"minecraft:dropped":{"minecraft:mud_brick_slab":4,"minecraft:jungle_planks":4,"minecraft:emerald":55,"minecraft:dirt":196,"minecraft:bone_meal":21,"minecraft:blackstone":1,"minecraft:fern":1,"minecraft:carrot":37,"minecraft:acacia_sapling":16,"minecraft:glass":3,"minecraft:wheat_seeds":29,"minecraft:stick":2,"minecraft:torch":60,"minecraft:iron_axe":1,"minecraft:jungle_boat":1,"minecraft:string":6,"minecraft:moss_carpet":1,"minecraft:raw_copper":3,"minecraft:light_gray_wool":1,"minecraft:flower_pot":1,"minecraft:spider_eye":1,"minecraft:bamboo":31},"minecraft:used":{"minecraft:moss_block":80,"minecraft:moss_carpet":17,"minecraft:iron_shovel":506,"minecraft:decorated_pot":1,"minecraft:chest":8,"minecraft:shield":37,"minecraft:bell":1,"minecraft:rotten_flesh":57,"minecraft:jungle_planks":283,"minecraft:carrot":12,"minecraft:acacia_sapling":8,"minecraft:jungle_sapling":1,"minecraft:glass":6,"minecraft:lava_bucket":1,"minecraft:jungle_fence_gate":1,"minecraft:lantern":4,"minecraft:bow":28,"minecraft:oak_sapling":18,"minecraft:furnace":4,"minecraft:acacia_fence":34,"minecraft:stone_pickaxe":1110,"minecraft:jungle_fence":101,"minecraft:ender_pearl":2,"minecraft:wooden_pickaxe":59,"minecraft:composter":9,"minecraft:jungle_boat":6,"minecraft:white_wool":1,"minecraft:glow_berries":27,"minecraft:loom":2,"minecraft:acacia_door":2,"minecraft:melon_slice":117,"minecraft:bread":92,"minecraft:string":2,"minecraft:gravel":52,"minecraft:smithing_table":3,"minecraft:oak_boat":1,"minecraft:coarse_dirt":1,"minecraft:bone_meal":91,"minecraft:azalea":1,"minecraft:oak_fence":66,"minecraft:stone_sword":240,"minecraft:stone_shovel":1542,"minecraft:cooked_salmon":8,"minecraft:stone_hoe":397,"minecraft:cooked_chicken":2,"minecraft:torch":162,"minecraft:dirt":1845,"minecraft:wheat":2,"minecraft:chainmail_chestplate":1,"minecraft:barrel":2,"minecraft:bamboo":3,"minecraft:light_gray_wool":4,"minecraft:acacia_wood":3,"minecraft:acacia_planks":149,"minecraft:light_gray_bed":5,"minecraft:brown_bed":9,"minecraft:wheat_seeds":1877,"minecraft:acacia_boat":30,"minecraft:water_bucket":56,"minecraft:cobblestone_stairs":137,"minecraft:fletching_table":1,"minecraft:stonecutter":1,"minecraft:crafting_table":13,"minecraft:oak_log":2,"minecraft:wooden_hoe":6,"minecraft:acacia_stairs":7,"minecraft:apple":4,"minecraft:jungle_stairs":27,"minecraft:stone_axe":966,"minecraft:fishing_rod":4,"minecraft:cobblestone":527,"minecraft:jungle_door":4,"minecraft:bucket":59},"minecraft:picked_up":{"minecraft:wheat":861,"minecraft:smithing_table":5,"minecraft:brown_bed":10,"minecraft:golden_sword":6,"minecraft:string":2815,"minecraft:raw_copper":11,"minecraft:cobbled_deepslate":3,"bosses_of_mass_destruction:soul_star":3,"minecraft:bucket":5,"minecraft:azalea":30,"minecraft:melon_slice":173,"minecraft:furnace":2,"minecraft:stick":376,"minecraft:jungle_door":4,"minecraft:acacia_fence":1,"minecraft:composter":7,"minecraft:big_dripleaf":2,"minecraft:oak_fence":1,"minecraft:torch":136,"minecraft:acacia_log":1,"minecraft:golden_axe":6,"minecraft:stone_sword":2,"minecraft:rotten_flesh":196,"minecraft:cod":1,"minecraft:cobblestone":1526,"minecraft:magma_block":18,"minecraft:water_bucket":4,"minecraft:jungle_log":267,"minecraft:golden_leggings":6,"minecraft:jungle_wood":103,"minecraft:potato":24,"minecraft:flint":11,"minecraft:acacia_boat":35,"minecraft:dirt":2889,"minecraft:lantern":5,"minecraft:bone":74,"minecraft:glass":18,"minecraft:acacia_planks":396,"minecraft:stonecutter":1,"minecraft:bow":12,"minecraft:wheat_seeds":2613,"minecraft:bell":2,"minecraft:fletching_table":1,"minecraft:bamboo":147,"minecraft:moss_block":343,"minecraft:stone_hoe":6,"minecraft:oak_planks":4,"minecraft:jungle_planks":52,"minecraft:sand":9,"minecraft:grass_block":2,"minecraft:loom":2,"minecraft:acacia_stairs":9,"minecraft:barrel":1,"minecraft:bone_meal":28,"minecraft:bread":74,"minecraft:emerald":13,"minecraft:oak_sapling":54,"minecraft:coarse_dirt":1,"minecraft:cocoa_beans":30,"minecraft:mud_brick_slab":4,"minecraft:crafting_table":10,"minecraft:clay_ball":256,"minecraft:shield":8,"minecraft:moss_carpet":73,"minecraft:iron_axe":2,"minecraft:acacia_door":5,"minecraft:flint_and_steel":4,"minecraft:blackstone":4,"minecraft:beef":2,"minecraft:jungle_sapling":10,"minecraft:light_gray_wool":25,"minecraft:lectern":1,"minecraft:egg":7,"minecraft:raw_iron":33,"minecraft:stone":1,"minecraft:carrot":49,"minecraft:arrow":52,"minecraft:stone_shovel":8,"minecraft:decorated_pot":3,"minecraft:jungle_stairs":13,"minecraft:hay_block":26,"minecraft:saddle":1,"minecraft:glow_berries":27,"minecraft:mutton":14,"minecraft:white_wool":7,"minecraft:jungle_boat":6,"minecraft:basalt":14,"minecraft:glow_ink_sac":12,"minecraft:salmon":12,"minecraft:jungle_fence":1,"minecraft:acacia_wood":143,"minecraft:oak_log":87,"minecraft:golden_boots":3,"minecraft:gunpowder":2,"minecraft:cobblestone_stairs":208,"minecraft:apple":8,"minecraft:iron_ingot":2,"minecraft:music_disc_far":5,"minecraft:stone_pickaxe":3,"minecraft:acacia_sapling":36,"minecraft:flowering_azalea":14,"minecraft:pumpkin":1,"minecraft:gravel":155,"minecraft:spider_eye":3,"minecraft:stone_axe":8,"minecraft:acacia_slab":12,"minecraft:coal":82,"minecraft:ender_pearl":5},"minecraft:killed":{"minecraft:spider":13,"creeperoverhaul:bamboo_creeper":5,"minecraft:skeleton":26,"creeperoverhaul:cave_creeper":1,"minecraft:salmon":13,"minecraft:sheep":4,"minecraft:pillager":2,"minecraft:zombie":84,"minecraft:enderman":5},"minecraft:broken":{"minecraft:iron_shovel":2,"minecraft:golden_boots":1,"minecraft:stone_pickaxe":7,"minecraft:stone_axe":8,"minecraft:stone_shovel":11,"minecraft:stone_sword":1,"minecraft:stone_hoe":3,"minecraft:wooden_pickaxe":1},"minecraft:custom":{"minecraft:interact_with_crafting_table":144,"minecraft:open_barrel":3,"minecraft:bell_ring":3,"minecraft:leave_game":35,"minecraft:time_since_death":113916,"minecraft:sprint_one_cm":942732,"minecraft:damage_blocked_by_shield":1060,"minecraft:drop":129,"minecraft:talked_to_villager":76,"minecraft:play_time":618017,"minecraft:deaths":12,"minecraft:jump":9502,"minecraft:walk_on_water_one_cm":114110,"minecraft:interact_with_furnace":38,"minecraft:traded_with_villager":78,"minecraft:interact_with_loom":1,"minecraft:sleep_in_bed":13,"minecraft:damage_dealt":29931,"minecraft:crouch_one_cm":118752,"minecraft:interact_with_smoker":2,"minecraft:mob_kills":157,"minecraft:interact_with_campfire":1,"minecraft:climb_one_cm":76041,"minecraft:walk_one_cm":2326934,"minecraft:sneak_time":34461,"minecraft:walk_under_water_one_cm":64017,"minecraft:boat_one_cm":281624,"minecraft:interact_with_blast_furnace":1,"minecraft:total_world_time":618017,"minecraft:time_since_rest":8365,"minecraft:damage_taken":10886,"minecraft:swim_one_cm":166287,"minecraft:fly_one_cm":1568242,"minecraft:open_chest":176,"minecraft:fish_caught":2,"minecraft:fall_one_cm":184813},"minecraft:crafted":{"minecraft:oak_planks":148,"minecraft:jungle_fence_gate":1,"minecraft:barrel":1,"minecraft:cobblestone_stairs":156,"minecraft:glass":9,"minecraft:chest":8,"minecraft:acacia_fence":33,"minecraft:jungle_stairs":36,"minecraft:stone_hoe":4,"minecraft:oak_fence":66,"minecraft:emerald":77,"minecraft:crafting_table":7,"minecraft:jungle_boat":3,"minecraft:acacia_slab":18,"minecraft:wooden_pickaxe":1,"minecraft:fletching_table":1,"minecraft:light_gray_bed":4,"minecraft:wooden_hoe":1,"minecraft:charcoal":7,"minecraft:shield":3,"minecraft:stick":327,"minecraft:iron_ingot":6,"minecraft:stone_sword":3,"minecraft:acacia_door":3,"minecraft:gold_ingot":1,"minecraft:composter":2,"minecraft:stone_shovel":13,"minecraft:fishing_rod":1,"minecraft:furnace":2,"minecraft:bone_meal":84,"minecraft:stone_pickaxe":12,"minecraft:jungle_fence":123,"minecraft:iron_sword":1,"minecraft:cooked_salmon":8,"minecraft:bucket":2,"minecraft:acacia_stairs":8,"minecraft:stone_axe":10,"minecraft:jungle_slab":6,"minecraft:bread":123,"minecraft:acacia_boat":1,"minecraft:air":0,"minecraft:jungle_planks":1008,"minecraft:oak_boat":1,"minecraft:jungle_door":3,"minecraft:iron_shovel":2,"minecraft:acacia_planks":248,"minecraft:torch":176},"minecraft:killed_by":{"creeperoverhaul:cave_creeper":1,"minecraft:zombie":4,"creeperoverhaul:jungle_creeper":1,"minecraft:spider":1,"creeperoverhaul:beach_creeper":1,"minecraft:enderman":3},"minecraft:mined":{"minecraft:oak_sapling":7,"minecraft:farmland":5,"minecraft:cobblestone_stairs":13,"minecraft:jungle_leaves":73,"minecraft:cave_vines_plant":1,"minecraft:acacia_log":3,"minecraft:grass_block":1249,"minecraft:jungle_log":217,"minecraft:composter":8,"minecraft:tall_seagrass":1,"minecraft:iron_ore":21,"minecraft:barrel":1,"minecraft:pumpkin":1,"minecraft:moss_carpet":35,"minecraft:fletching_table":1,"minecraft:brown_bed":10,"minecraft:cave_vines":7,"minecraft:dirt_path":20,"minecraft:azalea":10,"minecraft:tripwire":1,"minecraft:jungle_door":4,"minecraft:blackstone":3,"minecraft:clay":45,"minecraft:torch":21,"minecraft:jungle_stairs":2,"minecraft:melon":29,"minecraft:cobblestone":103,"minecraft:wall_torch":11,"minecraft:deepslate_copper_ore":1,"minecraft:seagrass":2,"minecraft:acacia_sapling":1,"minecraft:jungle_wood":64,"minecraft:wheat":878,"minecraft:light_gray_wool":9,"minecraft:grass":344,"minecraft:oak_log":63,"minecraft:acacia_fence":1,"minecraft:loom":4,"minecraft:dirt":918,"minecraft:stonecutter":1,"minecraft:oak_leaves":232,"minecraft:deepslate":3,"minecraft:glow_lichen":1,"minecraft:decorated_pot":2,"minecraft:jungle_planks":13,"minecraft:moss_block":300,"minecraft:hay_block":13,"minecraft:furnace":2,"minecraft:carrots":9,"minecraft:acacia_wood":70,"minecraft:acacia_stairs":1,"minecraft:bell":1,"minecraft:potatoes":4,"minecraft:vine":274,"minecraft:deepslate_iron_ore":6,"minecraft:lantern":2,"minecraft:bamboo":10,"minecraft:bamboo_sapling":3,"minecraft:stone":851,"minecraft:smithing_table":4,"minecraft:podzol":5,"minecraft:mud_brick_slab":2,"minecraft:acacia_leaves":96,"minecraft:flowering_azalea":4,"minecraft:basalt":9,"minecraft:oak_fence":1,"minecraft:crafting_table":9,"minecraft:oak_wood":2,"minecraft:lectern":1,"minecraft:copper_ore":3,"minecraft:tall_grass":14,"minecraft:deepslate_coal_ore":4,"minecraft:big_dripleaf":2,"minecraft:coarse_dirt":1,"minecraft:jungle_fence":1,"minecraft:coal_ore":63,"minecraft:cocoa":1,"minecraft:gravel":127,"minecraft:acacia_planks":31,"minecraft:small_dripleaf":1,"minecraft:fern":95}},"DataVersion":3465}