{"stats":{"minecraft:dropped":{"minecraft:wheat_seeds":6,"minecraft:dirt":3,"minecraft:torch":60,"minecraft:moss_carpet":1,"minecraft:blackstone":1,"minecraft:raw_copper":3,"minecraft:spider_eye":1,"minecraft:bamboo":23},"minecraft:used":{"minecraft:azalea":1,"minecraft:moss_block":79,"minecraft:moss_carpet":17,"minecraft:stone_sword":163,"minecraft:iron_shovel":506,"minecraft:stone_shovel":593,"minecraft:decorated_pot":1,"minecraft:shield":27,"minecraft:chest":6,"minecraft:cooked_salmon":8,"minecraft:cooked_chicken":2,"minecraft:stone_hoe":199,"minecraft:rotten_flesh":57,"minecraft:torch":117,"minecraft:dirt":1192,"minecraft:jungle_planks":277,"minecraft:acacia_sapling":8,"minecraft:jungle_sapling":1,"minecraft:lantern":4,"minecraft:bamboo":3,"minecraft:bow":6,"minecraft:furnace":3,"minecraft:oak_sapling":18,"minecraft:acacia_planks":89,"minecraft:light_gray_bed":3,"minecraft:wheat_seeds":279,"minecraft:acacia_boat":3,"minecraft:water_bucket":35,"minecraft:cobblestone_stairs":137,"minecraft:stone_pickaxe":1102,"minecraft:wooden_pickaxe":59,"minecraft:glow_berries":27,"minecraft:crafting_table":6,"minecraft:wooden_hoe":6,"minecraft:apple":4,"minecraft:bread":14,"minecraft:melon_slice":74,"minecraft:jungle_stairs":27,"minecraft:stone_axe":756,"minecraft:fishing_rod":4,"minecraft:cobblestone":495,"minecraft:jungle_door":4,"minecraft:bucket":37,"minecraft:coarse_dirt":1,"minecraft:bone_meal":78},"minecraft:picked_up":{"minecraft:cocoa_beans":30,"minecraft:crafting_table":6,"minecraft:coarse_dirt":1,"minecraft:wheat":85,"minecraft:clay_ball":256,"minecraft:golden_sword":1,"minecraft:shield":2,"minecraft:string":8,"minecraft:moss_carpet":73,"minecraft:raw_copper":11,"minecraft:flint_and_steel":1,"minecraft:blackstone":4,"minecraft:cobbled_deepslate":3,"bosses_of_mass_destruction:soul_star":1,"minecraft:azalea":30,"minecraft:jungle_sapling":10,"minecraft:light_gray_wool":16,"minecraft:melon_slice":74,"minecraft:furnace":2,"minecraft:egg":1,"minecraft:stick":137,"minecraft:raw_iron":33,"minecraft:stone":1,"minecraft:jungle_door":4,"minecraft:big_dripleaf":2,"minecraft:torch":70,"minecraft:golden_axe":1,"minecraft:stone_shovel":2,"minecraft:stone_sword":2,"minecraft:arrow":15,"minecraft:rotten_flesh":83,"minecraft:decorated_pot":3,"minecraft:jungle_stairs":13,"minecraft:glow_berries":27,"minecraft:cod":1,"minecraft:cobblestone":1089,"minecraft:basalt":14,"minecraft:glow_ink_sac":12,"minecraft:water_bucket":3,"minecraft:jungle_log":215,"minecraft:salmon":9,"minecraft:golden_leggings":1,"minecraft:jungle_wood":101,"minecraft:acacia_wood":112,"minecraft:potato":1,"minecraft:flint":7,"minecraft:oak_log":41,"minecraft:golden_boots":1,"minecraft:gunpowder":2,"minecraft:cobblestone_stairs":106,"minecraft:acacia_boat":4,"minecraft:dirt":1380,"minecraft:lantern":5,"minecraft:bone":30,"minecraft:acacia_planks":141,"minecraft:apple":1,"minecraft:bow":5,"minecraft:wheat_seeds":363,"minecraft:music_disc_far":1,"minecraft:iron_ingot":2,"minecraft:stone_pickaxe":2,"minecraft:bamboo":131,"minecraft:stone_hoe":1,"minecraft:moss_block":342,"minecraft:acacia_sapling":17,"minecraft:flowering_azalea":14,"minecraft:pumpkin":1,"minecraft:gravel":72,"minecraft:jungle_planks":52,"minecraft:sand":9,"minecraft:spider_eye":3,"minecraft:stone_axe":3,"minecraft:emerald":1,"minecraft:oak_sapling":37,"minecraft:coal":82,"minecraft:ender_pearl":1},"minecraft:killed":{"minecraft:spider":5,"creeperoverhaul:bamboo_creeper":5,"minecraft:skeleton":18,"creeperoverhaul:cave_creeper":1,"minecraft:salmon":9,"minecraft:pillager":2,"minecraft:zombie":70,"minecraft:enderman":2},"minecraft:broken":{"minecraft:iron_shovel":2,"minecraft:stone_sword":1,"minecraft:stone_hoe":1,"minecraft:wooden_pickaxe":1,"minecraft:stone_pickaxe":7,"minecraft:stone_axe":5,"minecraft:stone_shovel":4},"minecraft:custom":{"minecraft:mob_kills":115,"minecraft:interact_with_crafting_table":88,"minecraft:interact_with_campfire":1,"minecraft:leave_game":20,"minecraft:time_since_death":5214,"minecraft:climb_one_cm":34556,"minecraft:sprint_one_cm":429028,"minecraft:walk_one_cm":1232829,"minecraft:damage_blocked_by_shield":765,"minecraft:drop":12,"minecraft:deaths":6,"minecraft:play_time":334242,"minecraft:sneak_time":26252,"minecraft:walk_under_water_one_cm":52762,"minecraft:jump":4545,"minecraft:walk_on_water_one_cm":59744,"minecraft:total_world_time":334242,"minecraft:interact_with_furnace":32,"minecraft:sleep_in_bed":7,"minecraft:time_since_rest":6724,"minecraft:damage_taken":5917,"minecraft:damage_dealt":21119,"minecraft:swim_one_cm":120751,"minecraft:fly_one_cm":593801,"minecraft:open_chest":89,"minecraft:crouch_one_cm":87588,"minecraft:fish_caught":2,"minecraft:fall_one_cm":88818},"minecraft:crafted":{"minecraft:oak_planks":60,"minecraft:stone_shovel":5,"minecraft:fishing_rod":1,"minecraft:furnace":1,"minecraft:cobblestone_stairs":156,"minecraft:bone_meal":78,"minecraft:stone_pickaxe":10,"minecraft:chest":6,"minecraft:jungle_stairs":36,"minecraft:stone_hoe":3,"minecraft:crafting_table":4,"minecraft:jungle_boat":1,"minecraft:wooden_pickaxe":1,"minecraft:cooked_salmon":8,"minecraft:bucket":2,"minecraft:stone_axe":7,"minecraft:acacia_boat":1,"minecraft:bread":14,"minecraft:air":0,"minecraft:jungle_planks":680,"minecraft:light_gray_bed":2,"minecraft:oak_boat":1,"minecraft:jungle_door":3,"minecraft:wooden_hoe":1,"minecraft:charcoal":7,"minecraft:shield":3,"minecraft:stick":143,"minecraft:iron_ingot":6,"minecraft:stone_sword":2,"minecraft:iron_shovel":2,"minecraft:gold_ingot":1,"minecraft:acacia_planks":216,"minecraft:torch":176},"minecraft:killed_by":{"creeperoverhaul:beach_creeper":1,"creeperoverhaul:cave_creeper":1,"minecraft:zombie":2,"creeperoverhaul:jungle_creeper":1},"minecraft:mined":{"minecraft:oak_sapling":7,"minecraft:farmland":3,"minecraft:cobblestone_stairs":13,"minecraft:jungle_leaves":70,"minecraft:cave_vines_plant":1,"minecraft:glow_lichen":1,"minecraft:grass_block":676,"minecraft:decorated_pot":2,"minecraft:jungle_planks":13,"minecraft:jungle_log":194,"minecraft:moss_block":300,"minecraft:tall_seagrass":1,"minecraft:furnace":2,"minecraft:iron_ore":21,"minecraft:acacia_wood":63,"minecraft:moss_carpet":35,"minecraft:pumpkin":1,"minecraft:vine":96,"minecraft:cave_vines":7,"minecraft:deepslate_iron_ore":6,"minecraft:lantern":2,"minecraft:bamboo_sapling":3,"minecraft:bamboo":10,"minecraft:azalea":10,"minecraft:stone":851,"minecraft:podzol":5,"minecraft:acacia_leaves":50,"minecraft:flowering_azalea":4,"minecraft:jungle_door":4,"minecraft:blackstone":3,"minecraft:basalt":9,"minecraft:clay":45,"minecraft:crafting_table":5,"minecraft:torch":13,"minecraft:jungle_stairs":2,"minecraft:melon":15,"minecraft:cobblestone":99,"minecraft:tall_grass":14,"minecraft:copper_ore":3,"minecraft:deepslate_coal_ore":4,"minecraft:wall_torch":10,"minecraft:big_dripleaf":2,"minecraft:deepslate_copper_ore":1,"minecraft:seagrass":2,"minecraft:coarse_dirt":1,"minecraft:acacia_sapling":1,"minecraft:jungle_wood":62,"minecraft:wheat":87,"minecraft:light_gray_wool":6,"minecraft:grass":179,"minecraft:oak_log":39,"minecraft:coal_ore":63,"minecraft:cocoa":1,"minecraft:gravel":61,"minecraft:dirt":592,"minecraft:acacia_planks":17,"minecraft:small_dripleaf":1,"minecraft:oak_leaves":158,"minecraft:deepslate":3,"minecraft:fern":34}},"DataVersion":3465}