{"stats":{"minecraft:killed":{"minecraft:cave_spider":98,"minecraft:spider":13,"creeperoverhaul:bamboo_creeper":9,"minecraft:skeleton":33,"creeperoverhaul:cave_creeper":1,"minecraft:zombie_villager":1,"minecraft:salmon":13,"minecraft:iron_golem":20,"minecraft:sheep":4,"minecraft:trader_llama":2,"minecraft:pillager":2,"minecraft:zombie":86,"minecraft:villager":1,"minecraft:enderman":7},"minecraft:killed_by":{"creeperoverhaul:cave_creeper":1,"minecraft:zombie":4,"creeperoverhaul:jungle_creeper":1,"minecraft:spider":1,"creeperoverhaul:beach_creeper":1,"minecraft:enderman":3,"minecraft:iron_golem":7,"minecraft:skeleton":1},"minecraft:picked_up":{"minecraft:wooden_axe":2,"minecraft:iron_chestplate":7,"minecraft:wheat":1706,"minecraft:smithing_table":10,"minecraft:lead":2,"minecraft:brown_bed":26,"minecraft:enchanted_book":6,"minecraft:golden_sword":6,"minecraft:string":17548,"minecraft:raw_copper":21,"minecraft:cobbled_deepslate":3,"bosses_of_mass_destruction:soul_star":3,"minecraft:bucket":5,"minecraft:cobblestone_slab":51,"minecraft:azalea":31,"minecraft:iron_pickaxe":4,"minecraft:melon_slice":173,"minecraft:iron_boots":7,"minecraft:furnace":2,"minecraft:stick":400,"minecraft:jungle_door":4,"minecraft:acacia_fence":1,"minecraft:composter":9,"minecraft:big_dripleaf":2,"minecraft:oak_fence":1,"minecraft:torch":296,"minecraft:acacia_log":34,"minecraft:golden_axe":6,"minecraft:stone_sword":3,"minecraft:rotten_flesh":216,"minecraft:tropical_fish":2,"minecraft:obsidian":28,"minecraft:cod":1,"minecraft:cobblestone":1715,"minecraft:magma_block":18,"minecraft:water_bucket":4,"minecraft:jungle_log":442,"minecraft:golden_leggings":13,"minecraft:jungle_wood":360,"minecraft:potato":24,"minecraft:flint":12,"minecraft:acacia_boat":71,"minecraft:lapis_lazuli":30,"minecraft:dirt":2921,"minecraft:lantern":5,"minecraft:glass":18,"minecraft:bone":84,"minecraft:acacia_planks":618,"minecraft:stonecutter":1,"minecraft:bow":14,"minecraft:wheat_seeds":4743,"minecraft:raw_gold":1,"minecraft:bell":2,"minecraft:fletching_table":1,"minecraft:bamboo":211,"minecraft:moss_block":375,"minecraft:stone_hoe":10,"minecraft:oak_planks":98,"minecraft:jungle_planks":116,"minecraft:sand":9,"minecraft:grass_block":3,"minecraft:loom":2,"minecraft:acacia_stairs":9,"minecraft:jungle_slab":2,"minecraft:barrel":14,"minecraft:clay":1,"minecraft:bone_meal":56,"minecraft:bread":75,"minecraft:emerald":514,"minecraft:oak_sapling":55,"minecraft:netherrack":3,"minecraft:diamond_pickaxe":1,"minecraft:coarse_dirt":1,"minecraft:cocoa_beans":126,"minecraft:mud_brick_slab":4,"minecraft:crafting_table":10,"minecraft:clay_ball":280,"minecraft:shield":14,"minecraft:moss_carpet":76,"minecraft:iron_axe":2,"minecraft:acacia_door":5,"minecraft:flint_and_steel":10,"minecraft:blackstone":4,"minecraft:beef":2,"minecraft:jungle_sapling":11,"minecraft:poppy":56,"minecraft:light_gray_wool":25,"minecraft:lectern":57,"minecraft:egg":7,"minecraft:raw_iron":33,"minecraft:stone":1,"minecraft:carrot":439,"minecraft:arrow":62,"minecraft:stone_shovel":10,"minecraft:decorated_pot":3,"minecraft:jungle_stairs":13,"minecraft:hay_block":26,"minecraft:saddle":1,"minecraft:glow_berries":27,"minecraft:mutton":14,"minecraft:white_wool":13,"minecraft:jungle_boat":6,"minecraft:basalt":14,"minecraft:glow_ink_sac":12,"minecraft:salmon":12,"minecraft:leather":3,"minecraft:jungle_fence":1,"minecraft:acacia_wood":225,"minecraft:oak_log":101,"minecraft:golden_boots":3,"minecraft:gunpowder":2,"minecraft:cobblestone_stairs":208,"minecraft:apple":8,"minecraft:acacia_trapdoor":9,"minecraft:iron_ingot":122,"minecraft:music_disc_far":5,"minecraft:stone_pickaxe":3,"minecraft:acacia_sapling":43,"minecraft:iron_sword":8,"minecraft:flowering_azalea":14,"minecraft:book":19,"minecraft:pumpkin":1,"minecraft:gravel":167,"minecraft:white_bed":10,"minecraft:spider_eye":128,"minecraft:stone_axe":8,"minecraft:iron_helmet":5,"minecraft:diamond_axe":7,"minecraft:baked_potato":175,"minecraft:acacia_slab":14,"minecraft:coal":86,"minecraft:ender_pearl":9},"minecraft:dropped":{"minecraft:acacia_boat":1,"minecraft:iron_sword":1,"minecraft:diamond_axe":1,"minecraft:mud_brick_slab":4,"minecraft:jungle_planks":4,"minecraft:emerald":149,"minecraft:dirt":196,"minecraft:bone_meal":21,"minecraft:blackstone":1,"minecraft:rotten_flesh":4,"minecraft:fern":1,"minecraft:carrot":246,"minecraft:poppy":23,"minecraft:jungle_log":27,"minecraft:azalea":1,"minecraft:acacia_sapling":16,"minecraft:glass":3,"minecraft:bread":2,"minecraft:enchanted_book":2,"minecraft:wheat_seeds":402,"minecraft:smithing_table":1,"minecraft:book":2,"minecraft:tropical_fish":2,"minecraft:stick":2,"minecraft:torch":66,"minecraft:iron_axe":1,"minecraft:jungle_boat":1,"minecraft:string":134,"minecraft:moss_carpet":4,"minecraft:raw_copper":3,"minecraft:light_gray_wool":1,"minecraft:clay_ball":24,"minecraft:flower_pot":1,"minecraft:diamond_pickaxe":1,"minecraft:spider_eye":1,"minecraft:bamboo":31},"minecraft:broken":{"minecraft:iron_shovel":2,"minecraft:golden_boots":1,"minecraft:iron_boots":1,"minecraft:iron_chestplate":1,"minecraft:stone_pickaxe":7,"minecraft:stone_axe":9,"minecraft:stone_shovel":11,"minecraft:stone_sword":1,"minecraft:stone_hoe":3,"minecraft:wooden_pickaxe":1,"minecraft:iron_helmet":1},"minecraft:crafted":{"minecraft:oak_planks":192,"minecraft:jungle_fence_gate":1,"minecraft:cobblestone_slab":66,"minecraft:barrel":3,"minecraft:cobblestone_stairs":156,"minecraft:bookshelf":11,"minecraft:glass":9,"minecraft:iron_boots":1,"minecraft:chest":12,"minecraft:acacia_fence":33,"minecraft:jungle_stairs":36,"minecraft:stone_hoe":5,"minecraft:oak_fence":66,"minecraft:emerald":752,"minecraft:diamond_axe":1,"minecraft:crafting_table":7,"minecraft:jungle_boat":14,"minecraft:acacia_slab":30,"minecraft:wooden_pickaxe":1,"minecraft:iron_helmet":2,"minecraft:fletching_table":1,"minecraft:light_gray_bed":4,"minecraft:lectern":1,"minecraft:charcoal":7,"minecraft:wooden_hoe":1,"minecraft:diamond_pickaxe":1,"minecraft:shield":4,"minecraft:stick":335,"minecraft:iron_ingot":6,"minecraft:iron_pickaxe":1,"minecraft:iron_block":6,"minecraft:stone_sword":3,"minecraft:acacia_door":6,"minecraft:gold_ingot":1,"minecraft:composter":2,"minecraft:stone_shovel":13,"minecraft:fishing_rod":1,"minecraft:furnace":2,"minecraft:bone_meal":102,"minecraft:flint_and_steel":1,"minecraft:stone_pickaxe":12,"minecraft:jungle_fence":123,"minecraft:iron_sword":3,"minecraft:acacia_trapdoor":22,"minecraft:cooked_salmon":8,"minecraft:bucket":3,"minecraft:acacia_stairs":8,"minecraft:stone_axe":10,"minecraft:enchanted_book":6,"minecraft:acacia_boat":5,"minecraft:jungle_slab":18,"minecraft:bread":171,"minecraft:air":0,"minecraft:jungle_planks":1048,"minecraft:oak_boat":1,"minecraft:jungle_door":3,"minecraft:wooden_axe":1,"minecraft:iron_shovel":2,"minecraft:anvil":2,"minecraft:white_bed":9,"minecraft:acacia_planks":408,"minecraft:torch":184},"minecraft:mined":{"minecraft:white_bed":10,"minecraft:oak_sapling":7,"minecraft:farmland":5,"minecraft:jungle_slab":2,"minecraft:cobblestone_stairs":13,"minecraft:jungle_leaves":84,"minecraft:obsidian":14,"minecraft:cave_vines_plant":1,"minecraft:acacia_log":37,"minecraft:grass_block":1254,"minecraft:jungle_log":283,"minecraft:composter":11,"minecraft:tall_seagrass":1,"minecraft:iron_ore":21,"minecraft:fire":3,"minecraft:barrel":15,"minecraft:pumpkin":1,"minecraft:moss_carpet":37,"minecraft:fletching_table":1,"minecraft:brown_bed":27,"minecraft:cave_vines":7,"minecraft:dirt_path":20,"minecraft:azalea":10,"minecraft:tripwire":1,"minecraft:jungle_door":4,"minecraft:blackstone":3,"minecraft:clay":51,"minecraft:torch":48,"minecraft:jungle_stairs":2,"minecraft:melon":29,"minecraft:cobblestone":122,"minecraft:oak_planks":6,"minecraft:wall_torch":20,"minecraft:deepslate_copper_ore":1,"minecraft:seagrass":2,"minecraft:acacia_sapling":1,"minecraft:jungle_wood":134,"minecraft:wheat":1690,"minecraft:light_gray_wool":9,"minecraft:grass":347,"minecraft:oak_log":77,"minecraft:acacia_fence":1,"minecraft:loom":4,"minecraft:dirt":939,"minecraft:stonecutter":1,"minecraft:netherrack":3,"minecraft:oak_leaves":247,"minecraft:deepslate":3,"minecraft:glow_lichen":1,"minecraft:decorated_pot":2,"minecraft:jungle_planks":21,"minecraft:acacia_slab":3,"minecraft:moss_block":337,"minecraft:hay_block":13,"minecraft:furnace":2,"minecraft:carrots":93,"minecraft:acacia_trapdoor":3,"minecraft:acacia_wood":93,"minecraft:acacia_stairs":1,"minecraft:bell":1,"minecraft:bookshelf":2,"minecraft:potatoes":4,"minecraft:vine":329,"minecraft:deepslate_iron_ore":6,"minecraft:cobblestone_slab":37,"minecraft:lantern":2,"minecraft:bamboo_sapling":3,"minecraft:bamboo":11,"minecraft:stone":1018,"minecraft:white_wool":8,"minecraft:smithing_table":9,"minecraft:podzol":5,"minecraft:mud_brick_slab":2,"minecraft:acacia_leaves":118,"minecraft:flowering_azalea":4,"minecraft:basalt":9,"minecraft:oak_fence":1,"minecraft:crafting_table":9,"minecraft:oak_wood":2,"minecraft:lectern":56,"minecraft:copper_ore":6,"minecraft:tall_grass":14,"minecraft:deepslate_coal_ore":4,"minecraft:lapis_ore":4,"minecraft:deepslate_gold_ore":1,"minecraft:big_dripleaf":2,"minecraft:coarse_dirt":1,"minecraft:jungle_fence":1,"minecraft:coal_ore":66,"minecraft:cocoa":1,"minecraft:gravel":137,"minecraft:cobweb":7,"minecraft:acacia_planks":94,"minecraft:small_dripleaf":1,"minecraft:fern":96},"minecraft:custom":{"minecraft:interact_with_crafting_table":192,"minecraft:open_barrel":15,"minecraft:bell_ring":4,"minecraft:leave_game":57,"minecraft:time_since_death":85525,"minecraft:sprint_one_cm":1580619,"minecraft:damage_blocked_by_shield":1461,"minecraft:drop":424,"minecraft:talked_to_villager":405,"minecraft:deaths":20,"minecraft:play_time":985758,"minecraft:jump":15931,"minecraft:walk_on_water_one_cm":239076,"minecraft:enchant_item":2,"minecraft:interact_with_furnace":41,"minecraft:traded_with_villager":772,"minecraft:interact_with_loom":1,"minecraft:sleep_in_bed":40,"minecraft:damage_dealt":66154,"minecraft:crouch_one_cm":142259,"minecraft:interact_with_smoker":2,"minecraft:interact_with_anvil":9,"minecraft:mob_kills":295,"minecraft:interact_with_campfire":1,"minecraft:climb_one_cm":100959,"minecraft:walk_one_cm":3415782,"minecraft:sneak_time":48135,"minecraft:walk_under_water_one_cm":64962,"minecraft:boat_one_cm":356936,"minecraft:interact_with_blast_furnace":1,"minecraft:total_world_time":985758,"minecraft:time_since_rest":27924,"minecraft:damage_taken":17889,"minecraft:swim_one_cm":166323,"minecraft:fly_one_cm":2683381,"minecraft:open_chest":374,"minecraft:fish_caught":2,"minecraft:fall_one_cm":307376},"minecraft:used":{"minecraft:moss_block":106,"minecraft:moss_carpet":17,"minecraft:iron_shovel":506,"minecraft:chest":12,"minecraft:decorated_pot":1,"minecraft:shield":47,"minecraft:iron_sword":715,"minecraft:bell":1,"minecraft:rotten_flesh":57,"minecraft:jungle_planks":305,"minecraft:carrot":93,"minecraft:jungle_slab":2,"minecraft:acacia_sapling":8,"minecraft:jungle_sapling":1,"minecraft:glass":6,"minecraft:lava_bucket":1,"minecraft:jungle_fence_gate":1,"minecraft:lantern":4,"minecraft:iron_helmet":2,"minecraft:bow":29,"minecraft:furnace":4,"minecraft:oak_sapling":18,"minecraft:acacia_fence":34,"minecraft:acacia_trapdoor":10,"minecraft:stone_pickaxe":1110,"minecraft:jungle_fence":101,"minecraft:oak_planks":6,"minecraft:ender_pearl":2,"minecraft:wooden_pickaxe":59,"minecraft:composter":9,"minecraft:diamond_axe":309,"minecraft:jungle_boat":6,"minecraft:glow_berries":27,"minecraft:white_wool":21,"minecraft:loom":2,"minecraft:acacia_door":3,"minecraft:bread":175,"minecraft:melon_slice":117,"minecraft:string":2,"minecraft:lectern":55,"minecraft:gravel":62,"minecraft:smithing_table":8,"minecraft:oak_boat":1,"minecraft:coarse_dirt":1,"minecraft:bone_meal":157,"minecraft:azalea":1,"minecraft:oak_fence":66,"minecraft:stone_sword":240,"minecraft:flint_and_steel":3,"minecraft:stone_shovel":1559,"minecraft:cooked_salmon":8,"minecraft:stone_hoe":417,"minecraft:cooked_chicken":2,"minecraft:netherrack":3,"minecraft:torch":201,"minecraft:dirt":1872,"minecraft:anvil":2,"minecraft:wheat":2,"minecraft:chainmail_chestplate":1,"minecraft:wooden_axe":23,"minecraft:bookshelf":2,"minecraft:acacia_slab":6,"minecraft:barrel":17,"minecraft:bamboo":3,"minecraft:light_gray_wool":4,"minecraft:acacia_wood":3,"minecraft:acacia_planks":247,"minecraft:light_gray_bed":5,"minecraft:brown_bed":25,"minecraft:wheat_seeds":3276,"minecraft:acacia_boat":63,"minecraft:water_bucket":63,"minecraft:cobblestone_stairs":137,"minecraft:baked_potato":41,"minecraft:stonecutter":1,"minecraft:fletching_table":1,"minecraft:cobblestone_slab":93,"minecraft:jungle_wood":6,"minecraft:crafting_table":14,"minecraft:white_bed":18,"minecraft:oak_log":5,"minecraft:apple":4,"minecraft:wooden_hoe":6,"minecraft:acacia_stairs":7,"minecraft:diamond_pickaxe":18,"minecraft:iron_pickaxe":252,"minecraft:jungle_stairs":27,"minecraft:golden_leggings":1,"minecraft:stone_axe":1095,"minecraft:fishing_rod":4,"minecraft:cobblestone":591,"minecraft:jungle_door":4,"minecraft:bucket":66}},"DataVersion":3465}