{"stats":{"minecraft:dropped":{"minecraft:wheat_seeds":6,"minecraft:dirt":3,"minecraft:torch":60,"minecraft:iron_axe":1,"minecraft:moss_carpet":1,"minecraft:blackstone":1,"minecraft:raw_copper":3,"minecraft:spider_eye":1,"minecraft:bamboo":23},"minecraft:used":{"minecraft:azalea":1,"minecraft:moss_block":79,"minecraft:moss_carpet":17,"minecraft:stone_sword":163,"minecraft:iron_shovel":506,"minecraft:stone_shovel":671,"minecraft:decorated_pot":1,"minecraft:shield":33,"minecraft:chest":6,"minecraft:cooked_salmon":8,"minecraft:cooked_chicken":2,"minecraft:stone_hoe":215,"minecraft:rotten_flesh":57,"minecraft:torch":120,"minecraft:dirt":1290,"minecraft:jungle_planks":277,"minecraft:acacia_sapling":8,"minecraft:glass":6,"minecraft:jungle_sapling":1,"minecraft:lantern":4,"minecraft:bamboo":3,"minecraft:bow":28,"minecraft:furnace":4,"minecraft:oak_sapling":18,"minecraft:acacia_wood":3,"minecraft:acacia_planks":147,"minecraft:light_gray_bed":5,"minecraft:wheat_seeds":403,"minecraft:acacia_boat":3,"minecraft:water_bucket":36,"minecraft:cobblestone_stairs":137,"minecraft:stone_pickaxe":1106,"minecraft:wooden_pickaxe":59,"minecraft:composter":2,"minecraft:glow_berries":27,"minecraft:crafting_table":7,"minecraft:acacia_stairs":2,"minecraft:wooden_hoe":6,"minecraft:apple":4,"minecraft:acacia_door":2,"minecraft:bread":45,"minecraft:melon_slice":74,"minecraft:jungle_stairs":27,"minecraft:stone_axe":796,"minecraft:fishing_rod":4,"minecraft:cobblestone":523,"minecraft:jungle_door":4,"minecraft:bucket":37,"minecraft:oak_boat":1,"minecraft:coarse_dirt":1,"minecraft:bone_meal":78},"minecraft:picked_up":{"minecraft:cocoa_beans":30,"minecraft:crafting_table":6,"minecraft:coarse_dirt":1,"minecraft:wheat":196,"minecraft:clay_ball":256,"minecraft:golden_sword":3,"minecraft:shield":4,"minecraft:iron_axe":2,"minecraft:string":24,"minecraft:moss_carpet":73,"minecraft:raw_copper":11,"minecraft:acacia_door":2,"minecraft:flint_and_steel":3,"minecraft:blackstone":4,"minecraft:cobbled_deepslate":3,"bosses_of_mass_destruction:soul_star":1,"minecraft:bucket":2,"minecraft:azalea":30,"minecraft:jungle_sapling":10,"minecraft:light_gray_wool":18,"minecraft:melon_slice":74,"minecraft:furnace":2,"minecraft:egg":1,"minecraft:stick":209,"minecraft:raw_iron":33,"minecraft:stone":1,"minecraft:jungle_door":4,"minecraft:big_dripleaf":2,"minecraft:torch":76,"minecraft:golden_axe":3,"minecraft:stone_shovel":4,"minecraft:stone_sword":2,"minecraft:arrow":42,"minecraft:rotten_flesh":122,"minecraft:decorated_pot":3,"minecraft:jungle_stairs":13,"minecraft:glow_berries":27,"minecraft:cod":1,"minecraft:cobblestone":1300,"minecraft:magma_block":12,"minecraft:basalt":14,"minecraft:glow_ink_sac":12,"minecraft:water_bucket":3,"minecraft:jungle_log":215,"minecraft:salmon":9,"minecraft:golden_leggings":3,"minecraft:jungle_wood":101,"minecraft:acacia_wood":130,"minecraft:potato":1,"minecraft:flint":8,"minecraft:oak_log":41,"minecraft:golden_boots":2,"minecraft:gunpowder":2,"minecraft:cobblestone_stairs":174,"minecraft:acacia_boat":6,"minecraft:dirt":1522,"minecraft:lantern":5,"minecraft:glass":6,"minecraft:bone":46,"minecraft:acacia_planks":239,"minecraft:apple":1,"minecraft:bow":9,"minecraft:wheat_seeds":776,"minecraft:music_disc_far":3,"minecraft:iron_ingot":2,"minecraft:stone_pickaxe":2,"minecraft:oak_planks":4,"minecraft:bamboo":131,"minecraft:stone_hoe":3,"minecraft:moss_block":342,"minecraft:acacia_sapling":19,"minecraft:flowering_azalea":14,"minecraft:pumpkin":1,"minecraft:gravel":99,"minecraft:jungle_planks":52,"minecraft:sand":9,"minecraft:acacia_stairs":4,"minecraft:spider_eye":3,"minecraft:stone_axe":5,"minecraft:bread":24,"minecraft:emerald":1,"minecraft:oak_sapling":37,"minecraft:acacia_slab":8,"minecraft:coal":82,"minecraft:ender_pearl":1},"minecraft:killed":{"minecraft:spider":6,"creeperoverhaul:bamboo_creeper":5,"minecraft:skeleton":19,"creeperoverhaul:cave_creeper":1,"minecraft:salmon":9,"minecraft:pillager":2,"minecraft:zombie":74,"minecraft:enderman":2},"minecraft:broken":{"minecraft:iron_shovel":2,"minecraft:stone_sword":1,"minecraft:stone_hoe":1,"minecraft:wooden_pickaxe":1,"minecraft:stone_pickaxe":7,"minecraft:stone_axe":6,"minecraft:stone_shovel":4},"minecraft:custom":{"minecraft:mob_kills":121,"minecraft:interact_with_crafting_table":105,"minecraft:interact_with_campfire":1,"minecraft:leave_game":20,"minecraft:time_since_death":7667,"minecraft:climb_one_cm":37967,"minecraft:sprint_one_cm":547177,"minecraft:walk_one_cm":1423942,"minecraft:damage_blocked_by_shield":960,"minecraft:drop":13,"minecraft:deaths":8,"minecraft:play_time":376242,"minecraft:sneak_time":28984,"minecraft:walk_under_water_one_cm":52762,"minecraft:jump":5376,"minecraft:walk_on_water_one_cm":62589,"minecraft:total_world_time":376242,"minecraft:interact_with_furnace":35,"minecraft:sleep_in_bed":7,"minecraft:time_since_rest":7702,"minecraft:damage_taken":7948,"minecraft:damage_dealt":23626,"minecraft:swim_one_cm":120751,"minecraft:fly_one_cm":760465,"minecraft:open_chest":96,"minecraft:crouch_one_cm":95514,"minecraft:fish_caught":2,"minecraft:fall_one_cm":101873},"minecraft:crafted":{"minecraft:oak_planks":60,"minecraft:stone_shovel":5,"minecraft:fishing_rod":1,"minecraft:furnace":2,"minecraft:cobblestone_stairs":156,"minecraft:bone_meal":78,"minecraft:glass":9,"minecraft:stone_pickaxe":11,"minecraft:chest":6,"minecraft:jungle_stairs":36,"minecraft:stone_hoe":3,"minecraft:crafting_table":4,"minecraft:jungle_boat":1,"minecraft:acacia_slab":18,"minecraft:wooden_pickaxe":1,"minecraft:cooked_salmon":8,"minecraft:acacia_stairs":4,"minecraft:bucket":2,"minecraft:stone_axe":8,"minecraft:acacia_boat":1,"minecraft:bread":65,"minecraft:air":0,"minecraft:jungle_planks":708,"minecraft:light_gray_bed":4,"minecraft:oak_boat":1,"minecraft:jungle_door":3,"minecraft:wooden_hoe":1,"minecraft:charcoal":7,"minecraft:shield":3,"minecraft:stick":143,"minecraft:iron_ingot":6,"minecraft:stone_sword":2,"minecraft:acacia_door":3,"minecraft:iron_shovel":2,"minecraft:gold_ingot":1,"minecraft:composter":2,"minecraft:acacia_planks":216,"minecraft:torch":176},"minecraft:killed_by":{"creeperoverhaul:beach_creeper":1,"minecraft:enderman":2,"creeperoverhaul:cave_creeper":1,"minecraft:zombie":2,"creeperoverhaul:jungle_creeper":1},"minecraft:mined":{"minecraft:oak_sapling":7,"minecraft:farmland":4,"minecraft:cobblestone_stairs":13,"minecraft:jungle_leaves":70,"minecraft:cave_vines_plant":1,"minecraft:glow_lichen":1,"minecraft:grass_block":729,"minecraft:decorated_pot":2,"minecraft:jungle_planks":13,"minecraft:jungle_log":194,"minecraft:moss_block":300,"minecraft:tall_seagrass":1,"minecraft:furnace":2,"minecraft:iron_ore":21,"minecraft:acacia_wood":63,"minecraft:moss_carpet":35,"minecraft:pumpkin":1,"minecraft:vine":98,"minecraft:cave_vines":7,"minecraft:deepslate_iron_ore":6,"minecraft:lantern":2,"minecraft:bamboo_sapling":3,"minecraft:bamboo":10,"minecraft:azalea":10,"minecraft:stone":851,"minecraft:podzol":5,"minecraft:acacia_leaves":50,"minecraft:flowering_azalea":4,"minecraft:jungle_door":4,"minecraft:blackstone":3,"minecraft:basalt":9,"minecraft:clay":45,"minecraft:crafting_table":5,"minecraft:torch":15,"minecraft:jungle_stairs":2,"minecraft:melon":15,"minecraft:cobblestone":103,"minecraft:tall_grass":14,"minecraft:copper_ore":3,"minecraft:deepslate_coal_ore":4,"minecraft:wall_torch":10,"minecraft:big_dripleaf":2,"minecraft:deepslate_copper_ore":1,"minecraft:seagrass":2,"minecraft:coarse_dirt":1,"minecraft:acacia_sapling":1,"minecraft:jungle_wood":62,"minecraft:wheat":200,"minecraft:light_gray_wool":6,"minecraft:grass":186,"minecraft:oak_log":39,"minecraft:coal_ore":63,"minecraft:cocoa":1,"minecraft:gravel":71,"minecraft:dirt":596,"minecraft:acacia_planks":31,"minecraft:small_dripleaf":1,"minecraft:oak_leaves":159,"minecraft:deepslate":3,"minecraft:fern":39}},"DataVersion":3465}