{"stats":{"minecraft:dropped":{"minecraft:wheat_seeds":12,"minecraft:dirt":3,"minecraft:torch":60,"minecraft:iron_axe":1,"minecraft:moss_carpet":1,"minecraft:blackstone":1,"minecraft:raw_copper":3,"minecraft:light_gray_wool":1,"minecraft:acacia_sapling":1,"minecraft:spider_eye":1,"minecraft:bamboo":23},"minecraft:used":{"minecraft:azalea":1,"minecraft:moss_block":80,"minecraft:moss_carpet":17,"minecraft:stone_sword":163,"minecraft:iron_shovel":506,"minecraft:stone_shovel":913,"minecraft:chest":8,"minecraft:decorated_pot":1,"minecraft:shield":33,"minecraft:cooked_chicken":2,"minecraft:rotten_flesh":57,"minecraft:cooked_salmon":8,"minecraft:stone_hoe":261,"minecraft:torch":153,"minecraft:dirt":1481,"minecraft:jungle_planks":277,"minecraft:acacia_sapling":8,"minecraft:glass":6,"minecraft:jungle_sapling":1,"minecraft:lantern":4,"minecraft:bamboo":3,"minecraft:bow":28,"minecraft:furnace":4,"minecraft:oak_sapling":18,"minecraft:acacia_wood":3,"minecraft:acacia_planks":147,"minecraft:light_gray_bed":5,"minecraft:wheat_seeds":588,"minecraft:acacia_boat":5,"minecraft:water_bucket":42,"minecraft:cobblestone_stairs":137,"minecraft:stone_pickaxe":1106,"minecraft:ender_pearl":2,"minecraft:wooden_pickaxe":59,"minecraft:composter":2,"minecraft:glow_berries":27,"minecraft:crafting_table":7,"minecraft:apple":4,"minecraft:wooden_hoe":6,"minecraft:acacia_stairs":2,"minecraft:acacia_door":2,"minecraft:bread":61,"minecraft:melon_slice":74,"minecraft:jungle_stairs":27,"minecraft:stone_axe":841,"minecraft:fishing_rod":4,"minecraft:cobblestone":527,"minecraft:jungle_door":4,"minecraft:bucket":43,"minecraft:oak_boat":1,"minecraft:coarse_dirt":1,"minecraft:bone_meal":78},"minecraft:picked_up":{"minecraft:cocoa_beans":30,"minecraft:crafting_table":6,"minecraft:coarse_dirt":1,"minecraft:wheat":346,"minecraft:clay_ball":256,"minecraft:golden_sword":4,"minecraft:shield":6,"minecraft:string":33,"minecraft:moss_carpet":73,"minecraft:raw_copper":11,"minecraft:iron_axe":2,"minecraft:acacia_door":4,"minecraft:flint_and_steel":4,"minecraft:blackstone":4,"minecraft:cobbled_deepslate":3,"bosses_of_mass_destruction:soul_star":1,"minecraft:bucket":4,"minecraft:azalea":30,"minecraft:jungle_sapling":10,"minecraft:light_gray_wool":20,"minecraft:melon_slice":74,"minecraft:furnace":2,"minecraft:egg":1,"minecraft:stick":280,"minecraft:raw_iron":33,"minecraft:stone":1,"minecraft:jungle_door":4,"minecraft:big_dripleaf":2,"minecraft:torch":117,"minecraft:golden_axe":4,"minecraft:stone_shovel":5,"minecraft:arrow":44,"minecraft:stone_sword":2,"minecraft:rotten_flesh":142,"minecraft:decorated_pot":3,"minecraft:jungle_stairs":13,"minecraft:glow_berries":27,"minecraft:cod":1,"minecraft:cobblestone":1412,"minecraft:magma_block":18,"minecraft:basalt":14,"minecraft:glow_ink_sac":12,"minecraft:water_bucket":3,"minecraft:jungle_log":224,"minecraft:salmon":9,"minecraft:golden_leggings":4,"minecraft:jungle_wood":101,"minecraft:acacia_wood":136,"minecraft:potato":1,"minecraft:flint":8,"minecraft:oak_log":41,"minecraft:golden_boots":3,"minecraft:gunpowder":2,"minecraft:cobblestone_stairs":208,"minecraft:acacia_boat":9,"minecraft:lantern":5,"minecraft:dirt":1751,"minecraft:bone":59,"minecraft:glass":12,"minecraft:acacia_planks":323,"minecraft:apple":2,"minecraft:bow":12,"minecraft:wheat_seeds":1195,"minecraft:music_disc_far":5,"minecraft:iron_ingot":2,"minecraft:stone_pickaxe":2,"minecraft:oak_planks":4,"minecraft:bamboo":131,"minecraft:flowering_azalea":14,"minecraft:moss_block":343,"minecraft:stone_hoe":5,"minecraft:acacia_sapling":21,"minecraft:pumpkin":1,"minecraft:gravel":118,"minecraft:jungle_planks":52,"minecraft:sand":9,"minecraft:grass_block":2,"minecraft:acacia_stairs":8,"minecraft:spider_eye":3,"minecraft:stone_axe":7,"minecraft:bread":44,"minecraft:emerald":1,"minecraft:oak_sapling":37,"minecraft:acacia_slab":12,"minecraft:coal":82,"minecraft:ender_pearl":4},"minecraft:killed":{"minecraft:spider":8,"creeperoverhaul:bamboo_creeper":5,"minecraft:skeleton":22,"creeperoverhaul:cave_creeper":1,"minecraft:salmon":9,"minecraft:pillager":2,"minecraft:zombie":75,"minecraft:enderman":3},"minecraft:broken":{"minecraft:iron_shovel":2,"minecraft:golden_boots":1,"minecraft:stone_sword":1,"minecraft:stone_hoe":1,"minecraft:wooden_pickaxe":1,"minecraft:stone_pickaxe":7,"minecraft:stone_axe":6,"minecraft:stone_shovel":6},"minecraft:custom":{"minecraft:mob_kills":129,"minecraft:interact_with_crafting_table":108,"minecraft:interact_with_campfire":1,"minecraft:leave_game":22,"minecraft:time_since_death":31168,"minecraft:climb_one_cm":40812,"minecraft:sprint_one_cm":617223,"minecraft:walk_one_cm":1591589,"minecraft:damage_blocked_by_shield":960,"minecraft:drop":19,"minecraft:deaths":10,"minecraft:play_time":409181,"minecraft:sneak_time":30237,"minecraft:walk_under_water_one_cm":52762,"minecraft:jump":5924,"minecraft:walk_on_water_one_cm":62589,"minecraft:total_world_time":409181,"minecraft:interact_with_furnace":35,"minecraft:sleep_in_bed":7,"minecraft:time_since_rest":31211,"minecraft:damage_taken":9039,"minecraft:damage_dealt":25077,"minecraft:swim_one_cm":120751,"minecraft:fly_one_cm":860963,"minecraft:open_chest":103,"minecraft:crouch_one_cm":100838,"minecraft:fish_caught":2,"minecraft:fall_one_cm":110891},"minecraft:crafted":{"minecraft:oak_planks":60,"minecraft:stone_shovel":9,"minecraft:fishing_rod":1,"minecraft:furnace":2,"minecraft:cobblestone_stairs":156,"minecraft:bone_meal":78,"minecraft:glass":9,"minecraft:stone_pickaxe":11,"minecraft:chest":8,"minecraft:jungle_stairs":36,"minecraft:stone_hoe":3,"minecraft:crafting_table":4,"minecraft:jungle_boat":1,"minecraft:acacia_slab":18,"minecraft:wooden_pickaxe":1,"minecraft:cooked_salmon":8,"minecraft:bucket":2,"minecraft:acacia_stairs":4,"minecraft:stone_axe":8,"minecraft:acacia_boat":1,"minecraft:bread":65,"minecraft:air":0,"minecraft:jungle_planks":708,"minecraft:light_gray_bed":4,"minecraft:oak_boat":1,"minecraft:jungle_door":3,"minecraft:wooden_hoe":1,"minecraft:charcoal":7,"minecraft:shield":3,"minecraft:stick":143,"minecraft:iron_ingot":6,"minecraft:stone_sword":2,"minecraft:acacia_door":3,"minecraft:iron_shovel":2,"minecraft:gold_ingot":1,"minecraft:composter":2,"minecraft:acacia_planks":216,"minecraft:torch":176},"minecraft:killed_by":{"creeperoverhaul:beach_creeper":1,"minecraft:enderman":3,"creeperoverhaul:cave_creeper":1,"minecraft:zombie":3,"creeperoverhaul:jungle_creeper":1},"minecraft:mined":{"minecraft:oak_sapling":7,"minecraft:farmland":4,"minecraft:cobblestone_stairs":13,"minecraft:jungle_leaves":71,"minecraft:cave_vines_plant":1,"minecraft:glow_lichen":1,"minecraft:grass_block":874,"minecraft:decorated_pot":2,"minecraft:jungle_planks":13,"minecraft:jungle_log":205,"minecraft:moss_block":300,"minecraft:tall_seagrass":1,"minecraft:furnace":2,"minecraft:iron_ore":21,"minecraft:acacia_wood":63,"minecraft:moss_carpet":35,"minecraft:pumpkin":1,"minecraft:cave_vines":7,"minecraft:vine":189,"minecraft:deepslate_iron_ore":6,"minecraft:lantern":2,"minecraft:bamboo_sapling":3,"minecraft:bamboo":10,"minecraft:azalea":10,"minecraft:stone":851,"minecraft:podzol":5,"minecraft:acacia_leaves":50,"minecraft:flowering_azalea":4,"minecraft:jungle_door":4,"minecraft:blackstone":3,"minecraft:basalt":9,"minecraft:clay":45,"minecraft:crafting_table":5,"minecraft:torch":16,"minecraft:jungle_stairs":2,"minecraft:melon":15,"minecraft:tall_grass":14,"minecraft:copper_ore":3,"minecraft:cobblestone":103,"minecraft:deepslate_coal_ore":4,"minecraft:wall_torch":10,"minecraft:big_dripleaf":2,"minecraft:deepslate_copper_ore":1,"minecraft:seagrass":2,"minecraft:coarse_dirt":1,"minecraft:acacia_sapling":1,"minecraft:jungle_wood":62,"minecraft:wheat":351,"minecraft:light_gray_wool":6,"minecraft:grass":201,"minecraft:oak_log":39,"minecraft:coal_ore":63,"minecraft:cocoa":1,"minecraft:gravel":87,"minecraft:dirt":655,"minecraft:acacia_planks":31,"minecraft:small_dripleaf":1,"minecraft:oak_leaves":200,"minecraft:deepslate":3,"minecraft:fern":43}},"DataVersion":3465}