{"stats":{"minecraft:dropped":{"minecraft:wheat_seeds":29,"minecraft:mud_brick_slab":4,"minecraft:jungle_planks":4,"minecraft:dirt":196,"minecraft:torch":60,"minecraft:bone_meal":21,"minecraft:iron_axe":1,"minecraft:moss_carpet":1,"minecraft:blackstone":1,"minecraft:raw_copper":3,"minecraft:light_gray_wool":1,"minecraft:flower_pot":1,"minecraft:acacia_sapling":16,"minecraft:spider_eye":1,"minecraft:bamboo":31,"minecraft:glass":3},"minecraft:used":{"minecraft:azalea":1,"minecraft:moss_block":80,"minecraft:oak_fence":65,"minecraft:moss_carpet":17,"minecraft:stone_sword":202,"minecraft:iron_shovel":506,"minecraft:stone_shovel":1542,"minecraft:chest":8,"minecraft:decorated_pot":1,"minecraft:shield":36,"minecraft:bell":1,"minecraft:cooked_chicken":2,"minecraft:rotten_flesh":57,"minecraft:cooked_salmon":8,"minecraft:stone_hoe":397,"minecraft:torch":162,"minecraft:dirt":1845,"minecraft:wheat":2,"minecraft:jungle_planks":279,"minecraft:acacia_sapling":8,"minecraft:glass":6,"minecraft:jungle_sapling":1,"minecraft:lava_bucket":1,"minecraft:jungle_fence_gate":1,"minecraft:lantern":4,"minecraft:light_gray_wool":4,"minecraft:bamboo":3,"minecraft:bow":28,"minecraft:furnace":4,"minecraft:oak_sapling":18,"minecraft:acacia_fence":34,"minecraft:acacia_wood":3,"minecraft:acacia_planks":149,"minecraft:light_gray_bed":5,"minecraft:wheat_seeds":1612,"minecraft:acacia_boat":30,"minecraft:water_bucket":56,"minecraft:cobblestone_stairs":137,"minecraft:stone_pickaxe":1110,"minecraft:jungle_fence":101,"minecraft:ender_pearl":2,"minecraft:wooden_pickaxe":59,"minecraft:composter":8,"minecraft:stonecutter":1,"minecraft:jungle_boat":1,"minecraft:glow_berries":27,"minecraft:crafting_table":12,"minecraft:oak_log":2,"minecraft:apple":4,"minecraft:wooden_hoe":6,"minecraft:acacia_stairs":7,"minecraft:acacia_door":2,"minecraft:bread":82,"minecraft:melon_slice":107,"minecraft:jungle_stairs":27,"minecraft:stone_axe":964,"minecraft:fishing_rod":4,"minecraft:cobblestone":527,"minecraft:smithing_table":3,"minecraft:jungle_door":4,"minecraft:bucket":59,"minecraft:oak_boat":1,"minecraft:coarse_dirt":1,"minecraft:bone_meal":78},"minecraft:picked_up":{"minecraft:crafting_table":9,"minecraft:cocoa_beans":30,"minecraft:mud_brick_slab":4,"minecraft:coarse_dirt":1,"minecraft:wheat":774,"minecraft:clay_ball":256,"minecraft:smithing_table":4,"minecraft:brown_bed":7,"minecraft:golden_sword":6,"minecraft:shield":8,"minecraft:moss_carpet":73,"minecraft:string":35,"minecraft:raw_copper":11,"minecraft:iron_axe":2,"minecraft:acacia_door":5,"minecraft:flint_and_steel":4,"minecraft:blackstone":4,"minecraft:cobbled_deepslate":3,"bosses_of_mass_destruction:soul_star":3,"minecraft:bucket":5,"minecraft:beef":2,"minecraft:azalea":30,"minecraft:jungle_sapling":10,"minecraft:light_gray_wool":25,"minecraft:melon_slice":173,"minecraft:egg":4,"minecraft:furnace":2,"minecraft:stick":374,"minecraft:raw_iron":33,"minecraft:stone":1,"minecraft:acacia_fence":1,"minecraft:jungle_door":4,"minecraft:composter":6,"minecraft:big_dripleaf":2,"minecraft:torch":136,"minecraft:acacia_log":1,"minecraft:golden_axe":6,"minecraft:stone_shovel":8,"minecraft:stone_sword":2,"minecraft:arrow":50,"minecraft:rotten_flesh":194,"minecraft:decorated_pot":3,"minecraft:jungle_stairs":13,"minecraft:hay_block":26,"minecraft:saddle":1,"minecraft:glow_berries":27,"minecraft:mutton":14,"minecraft:cod":1,"minecraft:white_wool":7,"minecraft:cobblestone":1526,"minecraft:jungle_boat":1,"minecraft:magma_block":18,"minecraft:basalt":14,"minecraft:glow_ink_sac":12,"minecraft:jungle_log":267,"minecraft:water_bucket":4,"minecraft:salmon":12,"minecraft:jungle_fence":1,"minecraft:golden_leggings":6,"minecraft:jungle_wood":103,"minecraft:acacia_wood":143,"minecraft:potato":21,"minecraft:flint":8,"minecraft:oak_log":87,"minecraft:golden_boots":3,"minecraft:acacia_boat":35,"minecraft:cobblestone_stairs":208,"minecraft:gunpowder":2,"minecraft:lantern":5,"minecraft:dirt":2884,"minecraft:glass":18,"minecraft:bone":74,"minecraft:acacia_planks":396,"minecraft:apple":8,"minecraft:bow":12,"minecraft:stonecutter":1,"minecraft:wheat_seeds":2372,"minecraft:stone_pickaxe":3,"minecraft:bell":2,"minecraft:music_disc_far":5,"minecraft:iron_ingot":2,"minecraft:bamboo":147,"minecraft:oak_planks":4,"minecraft:moss_block":343,"minecraft:stone_hoe":6,"minecraft:acacia_sapling":36,"minecraft:flowering_azalea":14,"minecraft:pumpkin":1,"minecraft:gravel":121,"minecraft:sand":9,"minecraft:jungle_planks":52,"minecraft:grass_block":2,"minecraft:acacia_stairs":9,"minecraft:spider_eye":3,"minecraft:stone_axe":8,"minecraft:bone_meal":21,"minecraft:emerald":3,"minecraft:bread":74,"minecraft:oak_sapling":54,"minecraft:acacia_slab":12,"minecraft:coal":82,"minecraft:ender_pearl":5},"minecraft:killed":{"minecraft:spider":12,"creeperoverhaul:bamboo_creeper":5,"minecraft:skeleton":24,"creeperoverhaul:cave_creeper":1,"minecraft:salmon":13,"minecraft:sheep":4,"minecraft:pillager":2,"minecraft:zombie":81,"minecraft:enderman":5},"minecraft:broken":{"minecraft:iron_shovel":2,"minecraft:golden_boots":1,"minecraft:stone_sword":1,"minecraft:stone_hoe":3,"minecraft:wooden_pickaxe":1,"minecraft:stone_pickaxe":7,"minecraft:stone_axe":7,"minecraft:stone_shovel":11},"minecraft:crafted":{"minecraft:oak_planks":148,"minecraft:jungle_fence_gate":1,"minecraft:stone_shovel":13,"minecraft:fishing_rod":1,"minecraft:furnace":2,"minecraft:cobblestone_stairs":156,"minecraft:bone_meal":78,"minecraft:glass":9,"minecraft:stone_pickaxe":12,"minecraft:chest":8,"minecraft:acacia_fence":33,"minecraft:jungle_stairs":36,"minecraft:jungle_fence":123,"minecraft:stone_hoe":4,"minecraft:oak_fence":66,"minecraft:emerald":1,"minecraft:crafting_table":7,"minecraft:jungle_boat":2,"minecraft:acacia_slab":18,"minecraft:wooden_pickaxe":1,"minecraft:cooked_salmon":8,"minecraft:bucket":2,"minecraft:acacia_stairs":8,"minecraft:stone_axe":9,"minecraft:acacia_boat":1,"minecraft:bread":91,"minecraft:air":0,"minecraft:jungle_planks":1008,"minecraft:light_gray_bed":4,"minecraft:oak_boat":1,"minecraft:jungle_door":3,"minecraft:wooden_hoe":1,"minecraft:charcoal":7,"minecraft:shield":3,"minecraft:stick":323,"minecraft:iron_ingot":6,"minecraft:stone_sword":3,"minecraft:iron_shovel":2,"minecraft:acacia_door":3,"minecraft:gold_ingot":1,"minecraft:composter":2,"minecraft:acacia_planks":248,"minecraft:torch":176},"minecraft:custom":{"minecraft:mob_kills":151,"minecraft:interact_with_crafting_table":136,"minecraft:bell_ring":1,"minecraft:interact_with_campfire":1,"minecraft:leave_game":33,"minecraft:time_since_death":44606,"minecraft:climb_one_cm":72233,"minecraft:sprint_one_cm":842181,"minecraft:walk_one_cm":2129100,"minecraft:damage_blocked_by_shield":1035,"minecraft:drop":37,"minecraft:talked_to_villager":11,"minecraft:sneak_time":33864,"minecraft:play_time":548707,"minecraft:deaths":12,"minecraft:walk_under_water_one_cm":61405,"minecraft:boat_one_cm":43048,"minecraft:jump":8181,"minecraft:walk_on_water_one_cm":76727,"minecraft:total_world_time":548707,"minecraft:interact_with_furnace":36,"minecraft:traded_with_villager":1,"minecraft:sleep_in_bed":9,"minecraft:time_since_rest":44915,"minecraft:damage_taken":10598,"minecraft:damage_dealt":28557,"minecraft:swim_one_cm":156161,"minecraft:fly_one_cm":1328843,"minecraft:open_chest":146,"minecraft:crouch_one_cm":116169,"minecraft:interact_with_smoker":2,"minecraft:fish_caught":2,"minecraft:fall_one_cm":155796},"minecraft:killed_by":{"minecraft:spider":1,"creeperoverhaul:beach_creeper":1,"minecraft:enderman":3,"creeperoverhaul:cave_creeper":1,"minecraft:zombie":4,"creeperoverhaul:jungle_creeper":1},"minecraft:mined":{"minecraft:oak_sapling":7,"minecraft:farmland":5,"minecraft:cobblestone_stairs":13,"minecraft:jungle_leaves":73,"minecraft:glow_lichen":1,"minecraft:cave_vines_plant":1,"minecraft:acacia_log":3,"minecraft:grass_block":1247,"minecraft:decorated_pot":2,"minecraft:jungle_planks":13,"minecraft:jungle_log":217,"minecraft:composter":6,"minecraft:moss_block":300,"minecraft:hay_block":13,"minecraft:tall_seagrass":1,"minecraft:furnace":2,"minecraft:iron_ore":21,"minecraft:acacia_wood":70,"minecraft:acacia_stairs":1,"minecraft:moss_carpet":35,"minecraft:pumpkin":1,"minecraft:brown_bed":7,"minecraft:bell":1,"minecraft:vine":273,"minecraft:deepslate_iron_ore":6,"minecraft:potatoes":1,"minecraft:cave_vines":7,"minecraft:dirt_path":16,"minecraft:lantern":2,"minecraft:bamboo_sapling":3,"minecraft:azalea":10,"minecraft:bamboo":10,"minecraft:stone":851,"minecraft:podzol":5,"minecraft:smithing_table":3,"minecraft:mud_brick_slab":2,"minecraft:acacia_leaves":96,"minecraft:flowering_azalea":4,"minecraft:jungle_door":4,"minecraft:blackstone":3,"minecraft:basalt":9,"minecraft:clay":45,"minecraft:crafting_table":8,"minecraft:torch":21,"minecraft:jungle_stairs":2,"minecraft:oak_wood":2,"minecraft:melon":29,"minecraft:tall_grass":14,"minecraft:copper_ore":3,"minecraft:cobblestone":103,"minecraft:deepslate_coal_ore":4,"minecraft:wall_torch":11,"minecraft:big_dripleaf":2,"minecraft:deepslate_copper_ore":1,"minecraft:seagrass":2,"minecraft:coarse_dirt":1,"minecraft:acacia_sapling":1,"minecraft:jungle_wood":64,"minecraft:wheat":790,"minecraft:jungle_fence":1,"minecraft:light_gray_wool":9,"minecraft:grass":320,"minecraft:oak_log":63,"minecraft:coal_ore":63,"minecraft:cocoa":1,"minecraft:acacia_fence":1,"minecraft:gravel":90,"minecraft:dirt":918,"minecraft:acacia_planks":31,"minecraft:stonecutter":1,"minecraft:small_dripleaf":1,"minecraft:oak_leaves":230,"minecraft:deepslate":3,"minecraft:fern":88}},"DataVersion":3465}