{
  "1_splatus:ultris/root": {
    "criteria": {
      "c1": "2024-06-18 17:08:29 +0000"
    },
    "done": true
  },
  "minecraft:recipes/decorations/crafting_table": {
    "criteria": {
      "unlock_right_away": "2024-06-18 17:08:29 +0000"
    },
    "done": true
  },
  "incendium:technical/new_player": {
    "criteria": {
      "requirement": "2024-06-18 17:08:29 +0000"
    },
    "done": true
  },
  "incendium:technical/scroll_of_returning": {
    "criteria": {
      "log_spam_fixer": "2024-06-18 17:08:32 +0000"
    },
    "done": false
  },
  "incendium:technical/using/ragnarok": {
    "criteria": {
      "log_spam_fixer": "2024-06-18 17:08:32 +0000"
    },
    "done": false
  },
  "incendium:technical/using/trailblazer": {
    "criteria": {
      "log_spam_fixer": "2024-06-18 17:08:32 +0000"
    },
    "done": false
  },
  "minecraft:adventure/adventuring_time": {
    "criteria": {
      "minecraft:deep_ocean": "2024-06-19 20:43:27 +0000",
      "minecraft:beach": "2024-06-19 20:30:09 +0000",
      "minecraft:mangrove_swamp": "2024-06-18 17:12:12 +0000",
      "minecraft:sparse_jungle": "2024-06-18 17:08:32 +0000",
      "minecraft:river": "2024-06-18 17:10:36 +0000",
      "minecraft:lukewarm_ocean": "2024-06-19 20:30:59 +0000",
      "minecraft:jungle": "2024-06-18 17:10:21 +0000",
      "minecraft:ocean": "2024-06-19 20:30:58 +0000",
      "minecraft:deep_lukewarm_ocean": "2024-06-19 20:44:07 +0000"
    },
    "done": false
  },
  "incendium:technical/using/shield": {
    "criteria": {
      "log_spam_fixer": "2024-06-18 17:08:32 +0000"
    },
    "done": false
  },
  "DataVersion": 3465
}